manifest,member_id,label,line_id,sort
https://nakamura196.github.io/genji/ugm/kyushu/manifest/01.json,"https://catalog.lib.kyushu-u.ac.jp/image/411193/canvas/p9#xywh=342,51,24,736",源氏物語大成 p.9,https://w3id.org/kouigenjimonogatari/data/0009-01.json,00009-00342
https://nakamura196.github.io/genji/ugm/kyushu/manifest/01.json,"https://catalog.lib.kyushu-u.ac.jp/image/411193/canvas/p34#xywh=512,60,30,730",源氏物語大成 p.21,https://w3id.org/kouigenjimonogatari/data/0021-01.json,00021-00512
https://nakamura196.github.io/genji/ugm/kyushu/manifest/01.json,"https://catalog.lib.kyushu-u.ac.jp/image/411193/canvas/p48#xywh=342,50,30,737",源氏物語大成 p.28,https://w3id.org/kouigenjimonogatari/data/0028-01.json,00028-00342
https://nakamura196.github.io/genji/ugm/kyushu/manifest/01.json,"https://catalog.lib.kyushu-u.ac.jp/image/411193/canvas/p21#xywh=217,52,24,735",源氏物語大成 p.15,https://w3id.org/kouigenjimonogatari/data/0015-01.json,00015-00217
https://nakamura196.github.io/genji/ugm/kyushu/manifest/01.json,"https://catalog.lib.kyushu-u.ac.jp/image/411193/canvas/p38#xywh=465,53,24,734",源氏物語大成 p.23,https://w3id.org/kouigenjimonogatari/data/0023-01.json,00023-00465
https://nakamura196.github.io/genji/ugm/kyushu/manifest/01.json,"https://catalog.lib.kyushu-u.ac.jp/image/411193/canvas/p44#xywh=381,54,24,733",源氏物語大成 p.26,https://w3id.org/kouigenjimonogatari/data/0026-01.json,00026-00381
https://nakamura196.github.io/genji/ugm/kyushu/manifest/01.json,"https://catalog.lib.kyushu-u.ac.jp/image/411193/canvas/p1#xywh=473,58,24,732",源氏物語大成 p.5,https://w3id.org/kouigenjimonogatari/data/0005-01.json,00005-00473
https://nakamura196.github.io/genji/ugm/kyushu/manifest/01.json,"https://catalog.lib.kyushu-u.ac.jp/image/411193/canvas/p27#xywh=174,55,24,732",源氏物語大成 p.18,https://w3id.org/kouigenjimonogatari/data/0018-01.json,00018-00174
https://nakamura196.github.io/genji/ugm/kyushu/manifest/01.json,"https://catalog.lib.kyushu-u.ac.jp/image/411193/canvas/p25#xywh=260,59,30,728",源氏物語大成 p.17,https://w3id.org/kouigenjimonogatari/data/0017-01.json,00017-00260
https://nakamura196.github.io/genji/ugm/kyushu/manifest/01.json,"https://catalog.lib.kyushu-u.ac.jp/image/411193/canvas/p40#xywh=471,56,24,731",源氏物語大成 p.24,https://w3id.org/kouigenjimonogatari/data/0024-01.json,00024-00471
https://nakamura196.github.io/genji/ugm/kyushu/manifest/01.json,"https://catalog.lib.kyushu-u.ac.jp/image/411193/canvas/p29#xywh=88,53,30,734",源氏物語大成 p.19,https://w3id.org/kouigenjimonogatari/data/0019-01.json,00019-00088
https://nakamura196.github.io/genji/ugm/kyushu/manifest/01.json,"https://catalog.lib.kyushu-u.ac.jp/image/411193/canvas/p17#xywh=258,46,24,741",源氏物語大成 p.13,https://w3id.org/kouigenjimonogatari/data/0013-01.json,00013-00258
https://nakamura196.github.io/genji/ugm/kyushu/manifest/01.json,"https://catalog.lib.kyushu-u.ac.jp/image/411193/canvas/p5#xywh=432,56,24,729",源氏物語大成 p.7,https://w3id.org/kouigenjimonogatari/data/0007-01.json,00007-00432
https://nakamura196.github.io/genji/ugm/kyushu/manifest/01.json,"https://catalog.lib.kyushu-u.ac.jp/image/411193/canvas/p19#xywh=259,57,24,730",源氏物語大成 p.14,https://w3id.org/kouigenjimonogatari/data/0014-01.json,00014-00259
https://nakamura196.github.io/genji/ugm/kyushu/manifest/01.json,"https://catalog.lib.kyushu-u.ac.jp/image/411193/canvas/p23#xywh=265,55,30,732",源氏物語大成 p.16,https://w3id.org/kouigenjimonogatari/data/0016-01.json,00016-00265
https://nakamura196.github.io/genji/ugm/kyushu/manifest/01.json,"https://catalog.lib.kyushu-u.ac.jp/image/411193/canvas/p7#xywh=344,58,18,727",源氏物語大成 p.8,https://w3id.org/kouigenjimonogatari/data/0008-01.json,00008-00344
https://nakamura196.github.io/genji/ugm/kyushu/manifest/01.json,"https://catalog.lib.kyushu-u.ac.jp/image/411193/canvas/p15#xywh=262,52,24,735",源氏物語大成 p.12,https://w3id.org/kouigenjimonogatari/data/0012-01.json,00012-00262
https://nakamura196.github.io/genji/ugm/kyushu/manifest/01.json,"https://catalog.lib.kyushu-u.ac.jp/image/411193/canvas/p3#xywh=479,49,24,736",源氏物語大成 p.6,https://w3id.org/kouigenjimonogatari/data/0006-01.json,00006-00479
https://nakamura196.github.io/genji/ugm/kyushu/manifest/01.json,"https://catalog.lib.kyushu-u.ac.jp/image/411193/canvas/p46#xywh=382,64,24,723",源氏物語大成 p.27,https://w3id.org/kouigenjimonogatari/data/0027-01.json,00027-00382
https://nakamura196.github.io/genji/ugm/kyushu/manifest/01.json,"https://catalog.lib.kyushu-u.ac.jp/image/411193/canvas/p11#xywh=305,50,24,737",源氏物語大成 p.10,https://w3id.org/kouigenjimonogatari/data/0010-01.json,00010-00305
https://nakamura196.github.io/genji/ugm/kyushu/manifest/01.json,"https://catalog.lib.kyushu-u.ac.jp/image/411193/canvas/p42#xywh=423,51,30,736",源氏物語大成 p.25,https://w3id.org/kouigenjimonogatari/data/0025-01.json,00025-00423
https://nakamura196.github.io/genji/ugm/kyushu/manifest/01.json,"https://catalog.lib.kyushu-u.ac.jp/image/411193/canvas/p36#xywh=512,55,30,735",源氏物語大成 p.22,https://w3id.org/kouigenjimonogatari/data/0022-01.json,00022-00512
https://nakamura196.github.io/genji/ugm/kyushu/manifest/01.json,"https://catalog.lib.kyushu-u.ac.jp/image/411193/canvas/p31#xywh=42,58,24,729",源氏物語大成 p.20,https://w3id.org/kouigenjimonogatari/data/0020-01.json,00020-00042
https://nakamura196.github.io/genji/ugm/kyushu/manifest/01.json,"https://catalog.lib.kyushu-u.ac.jp/image/411193/canvas/p13#xywh=306,57,24,730",源氏物語大成 p.11,https://w3id.org/kouigenjimonogatari/data/0011-01.json,00011-00306
https://nakamura196.github.io/genji/ugm/kyushu2/manifest/01.json,"https://catalog.lib.kyushu-u.ac.jp/image/411265/canvas/p18#xywh=610,190,24,885",源氏物語大成 p.12,https://w3id.org/kouigenjimonogatari/data/0012-01.json,00012-00610
https://nakamura196.github.io/genji/ugm/kyushu2/manifest/01.json,"https://catalog.lib.kyushu-u.ac.jp/image/411265/canvas/p2#xywh=620,196,24,879",源氏物語大成 p.5,https://w3id.org/kouigenjimonogatari/data/0005-01.json,00005-00620
https://nakamura196.github.io/genji/ugm/kyushu2/manifest/01.json,"https://catalog.lib.kyushu-u.ac.jp/image/411265/canvas/p35#xywh=362,204,42,871",源氏物語大成 p.20,https://w3id.org/kouigenjimonogatari/data/0020-01.json,00020-00362
https://nakamura196.github.io/genji/ugm/kyushu2/manifest/01.json,"https://catalog.lib.kyushu-u.ac.jp/image/411265/canvas/p11#xywh=588,200,30,875",源氏物語大成 p.9,https://w3id.org/kouigenjimonogatari/data/0009-01.json,00009-00588
https://nakamura196.github.io/genji/ugm/kyushu2/manifest/01.json,"https://catalog.lib.kyushu-u.ac.jp/image/411265/canvas/p20#xywh=512,212,30,863",源氏物語大成 p.13,https://w3id.org/kouigenjimonogatari/data/0013-01.json,00013-00512
https://nakamura196.github.io/genji/ugm/kyushu2/manifest/01.json,"https://catalog.lib.kyushu-u.ac.jp/image/411265/canvas/p33#xywh=529,204,36,871",源氏物語大成 p.19,https://w3id.org/kouigenjimonogatari/data/0019-01.json,00019-00529
https://nakamura196.github.io/genji/ugm/kyushu2/manifest/01.json,"https://catalog.lib.kyushu-u.ac.jp/image/411265/canvas/p28#xywh=103,212,24,863",源氏物語大成 p.17,https://w3id.org/kouigenjimonogatari/data/0017-01.json,00017-00103
https://nakamura196.github.io/genji/ugm/kyushu2/manifest/01.json,"https://catalog.lib.kyushu-u.ac.jp/image/411265/canvas/p26#xywh=214,196,30,879",源氏物語大成 p.16,https://w3id.org/kouigenjimonogatari/data/0016-01.json,00016-00214
https://nakamura196.github.io/genji/ugm/kyushu2/manifest/01.json,"https://catalog.lib.kyushu-u.ac.jp/image/411265/canvas/p9#xywh=695,194,30,881",源氏物語大成 p.8,https://w3id.org/kouigenjimonogatari/data/0008-01.json,00008-00695
https://nakamura196.github.io/genji/ugm/kyushu2/manifest/01.json,"https://catalog.lib.kyushu-u.ac.jp/image/411265/canvas/p51#xywh=582,200,30,875",源氏物語大成 p.27,https://w3id.org/kouigenjimonogatari/data/0027-01.json,00027-00582
https://nakamura196.github.io/genji/ugm/kyushu2/manifest/01.json,"https://catalog.lib.kyushu-u.ac.jp/image/411265/canvas/p39#xywh=127,194,36,881",源氏物語大成 p.22,https://w3id.org/kouigenjimonogatari/data/0022-01.json,00022-00127
https://nakamura196.github.io/genji/ugm/kyushu2/manifest/01.json,"https://catalog.lib.kyushu-u.ac.jp/image/411265/canvas/p46#xywh=150,182,30,893",源氏物語大成 p.25,https://w3id.org/kouigenjimonogatari/data/0025-01.json,00025-00150
https://nakamura196.github.io/genji/ugm/kyushu2/manifest/01.json,"https://catalog.lib.kyushu-u.ac.jp/image/411265/canvas/p42#xywh=566,192,30,883",源氏物語大成 p.23,https://w3id.org/kouigenjimonogatari/data/0023-01.json,00023-00566
https://nakamura196.github.io/genji/ugm/kyushu2/manifest/01.json,"https://catalog.lib.kyushu-u.ac.jp/image/411265/canvas/p37#xywh=246,198,30,877",源氏物語大成 p.21,https://w3id.org/kouigenjimonogatari/data/0021-01.json,00021-00246
https://nakamura196.github.io/genji/ugm/kyushu2/manifest/01.json,"https://catalog.lib.kyushu-u.ac.jp/image/411265/canvas/p4#xywh=385,198,24,877",源氏物語大成 p.6,https://w3id.org/kouigenjimonogatari/data/0006-01.json,00006-00385
https://nakamura196.github.io/genji/ugm/kyushu2/manifest/01.json,"https://catalog.lib.kyushu-u.ac.jp/image/411265/canvas/p13#xywh=418,200,36,875",源氏物語大成 p.10,https://w3id.org/kouigenjimonogatari/data/0010-01.json,00010-00418
https://nakamura196.github.io/genji/ugm/kyushu2/manifest/01.json,"https://catalog.lib.kyushu-u.ac.jp/image/411265/canvas/p53#xywh=475,194,24,881",源氏物語大成 p.28,https://w3id.org/kouigenjimonogatari/data/0028-01.json,00028-00475
https://nakamura196.github.io/genji/ugm/kyushu2/manifest/01.json,"https://catalog.lib.kyushu-u.ac.jp/image/411265/canvas/p49#xywh=698,204,30,871",源氏物語大成 p.26,https://w3id.org/kouigenjimonogatari/data/0026-01.json,00026-00698
https://nakamura196.github.io/genji/ugm/kyushu2/manifest/01.json,"https://catalog.lib.kyushu-u.ac.jp/image/411265/canvas/p44#xywh=332,202,30,873",源氏物語大成 p.24,https://w3id.org/kouigenjimonogatari/data/0024-01.json,00024-00332
https://nakamura196.github.io/genji/ugm/kyushu2/manifest/01.json,"https://catalog.lib.kyushu-u.ac.jp/image/411265/canvas/p15#xywh=241,196,36,879",源氏物語大成 p.11,https://w3id.org/kouigenjimonogatari/data/0011-01.json,00011-00241
https://nakamura196.github.io/genji/ugm/kyushu2/manifest/01.json,"https://catalog.lib.kyushu-u.ac.jp/image/411265/canvas/p22#xywh=501,200,30,875",源氏物語大成 p.14,https://w3id.org/kouigenjimonogatari/data/0014-01.json,00014-00501
https://nakamura196.github.io/genji/ugm/kyushu2/manifest/01.json,"https://catalog.lib.kyushu-u.ac.jp/image/411265/canvas/p6#xywh=215,200,30,875",源氏物語大成 p.7,https://w3id.org/kouigenjimonogatari/data/0007-01.json,00007-00215
https://nakamura196.github.io/genji/ugm/kyushu2/manifest/01.json,"https://catalog.lib.kyushu-u.ac.jp/image/411265/canvas/p31#xywh=637,190,30,885",源氏物語大成 p.18,https://w3id.org/kouigenjimonogatari/data/0018-01.json,00018-00637
https://nakamura196.github.io/genji/ugm/kyushu2/manifest/01.json,"https://catalog.lib.kyushu-u.ac.jp/image/411265/canvas/p24#xywh=272,206,18,869",源氏物語大成 p.15,https://w3id.org/kouigenjimonogatari/data/0015-01.json,00015-00272
https://nakamura196.github.io/genji/ugm/utokyo/manifest/01.json,"https://iiif.dl.itc.u-tokyo.ac.jp/repo/iiif/c1ea8e6b-9403-4394-8619-96aad0ec6329/canvas/p26#xywh=4846,1208,126,3782",源氏物語大成 p.24,https://w3id.org/kouigenjimonogatari/data/0024-01.json,00024-04846
https://nakamura196.github.io/genji/ugm/utokyo/manifest/01.json,"https://iiif.dl.itc.u-tokyo.ac.jp/repo/iiif/c1ea8e6b-9403-4394-8619-96aad0ec6329/canvas/p26#xywh=2092,1172,138,3818",新編日本古典文学全集 p.45,,00045-02092
https://nakamura196.github.io/genji/ugm/utokyo/manifest/01.json,"https://iiif.dl.itc.u-tokyo.ac.jp/repo/iiif/c1ea8e6b-9403-4394-8619-96aad0ec6329/canvas/p13#xywh=3050,1188,120,3802",源氏物語大成 p.13,https://w3id.org/kouigenjimonogatari/data/0013-01.json,00013-03050
https://nakamura196.github.io/genji/ugm/utokyo/manifest/01.json,"https://iiif.dl.itc.u-tokyo.ac.jp/repo/iiif/c1ea8e6b-9403-4394-8619-96aad0ec6329/canvas/p13#xywh=2348,1148,144,3842",新編日本古典文学全集 p.29,,00029-02348
https://nakamura196.github.io/genji/ugm/utokyo/manifest/01.json,"https://iiif.dl.itc.u-tokyo.ac.jp/repo/iiif/c1ea8e6b-9403-4394-8619-96aad0ec6329/canvas/p27#xywh=3950,1188,132,3802",源氏物語大成 p.25,https://w3id.org/kouigenjimonogatari/data/0025-01.json,00025-03950
https://nakamura196.github.io/genji/ugm/utokyo/manifest/01.json,"https://iiif.dl.itc.u-tokyo.ac.jp/repo/iiif/c1ea8e6b-9403-4394-8619-96aad0ec6329/canvas/p27#xywh=2984,1164,150,3826",新編日本古典文学全集 p.46,,00046-02984
https://nakamura196.github.io/genji/ugm/utokyo/manifest/01.json,"https://iiif.dl.itc.u-tokyo.ac.jp/repo/iiif/c1ea8e6b-9403-4394-8619-96aad0ec6329/canvas/p18#xywh=5842,1224,174,3766",源氏物語大成 p.17,https://w3id.org/kouigenjimonogatari/data/0017-01.json,00017-05842
https://nakamura196.github.io/genji/ugm/utokyo/manifest/01.json,"https://iiif.dl.itc.u-tokyo.ac.jp/repo/iiif/c1ea8e6b-9403-4394-8619-96aad0ec6329/canvas/p18#xywh=4444,1148,126,3842",新編日本古典文学全集 p.35,,00035-04444
https://nakamura196.github.io/genji/ugm/utokyo/manifest/01.json,"https://iiif.dl.itc.u-tokyo.ac.jp/repo/iiif/c1ea8e6b-9403-4394-8619-96aad0ec6329/canvas/p16#xywh=1908,1188,150,3802",源氏物語大成 p.16,https://w3id.org/kouigenjimonogatari/data/0016-01.json,00016-01908
https://nakamura196.github.io/genji/ugm/utokyo/manifest/01.json,"https://iiif.dl.itc.u-tokyo.ac.jp/repo/iiif/c1ea8e6b-9403-4394-8619-96aad0ec6329/canvas/p16#xywh=5576,1156,132,3834",新編日本古典文学全集 p.32,,00032-05576
https://nakamura196.github.io/genji/ugm/utokyo/manifest/01.json,"https://iiif.dl.itc.u-tokyo.ac.jp/repo/iiif/c1ea8e6b-9403-4394-8619-96aad0ec6329/canvas/p16#xywh=1900,1156,144,3834",新編日本古典文学全集 p.33,,00033-01900
https://nakamura196.github.io/genji/ugm/utokyo/manifest/01.json,"https://iiif.dl.itc.u-tokyo.ac.jp/repo/iiif/c1ea8e6b-9403-4394-8619-96aad0ec6329/canvas/p21#xywh=3974,1180,156,3810",源氏物語大成 p.20,https://w3id.org/kouigenjimonogatari/data/0020-01.json,00020-03974
https://nakamura196.github.io/genji/ugm/utokyo/manifest/01.json,"https://iiif.dl.itc.u-tokyo.ac.jp/repo/iiif/c1ea8e6b-9403-4394-8619-96aad0ec6329/canvas/p21#xywh=3984,1148,144,3842",新編日本古典文学全集 p.39,,00039-03984
https://nakamura196.github.io/genji/ugm/utokyo/manifest/01.json,"https://iiif.dl.itc.u-tokyo.ac.jp/repo/iiif/c1ea8e6b-9403-4394-8619-96aad0ec6329/canvas/p17#xywh=3036,1164,156,3826",新編日本古典文学全集 p.34,,00034-03036
https://nakamura196.github.io/genji/ugm/utokyo/manifest/01.json,"https://iiif.dl.itc.u-tokyo.ac.jp/repo/iiif/c1ea8e6b-9403-4394-8619-96aad0ec6329/canvas/p22#xywh=2786,1188,120,3802",源氏物語大成 p.21,https://w3id.org/kouigenjimonogatari/data/0021-01.json,00021-02786
https://nakamura196.github.io/genji/ugm/utokyo/manifest/01.json,"https://iiif.dl.itc.u-tokyo.ac.jp/repo/iiif/c1ea8e6b-9403-4394-8619-96aad0ec6329/canvas/p22#xywh=4660,1132,144,3858",新編日本古典文学全集 p.40,,00040-04660
https://nakamura196.github.io/genji/ugm/utokyo/manifest/01.json,"https://iiif.dl.itc.u-tokyo.ac.jp/repo/iiif/c1ea8e6b-9403-4394-8619-96aad0ec6329/canvas/p4#xywh=3316,1168,174,3822",源氏物語大成 p.5,https://w3id.org/kouigenjimonogatari/data/0005-01.json,00005-03316
https://nakamura196.github.io/genji/ugm/utokyo/manifest/01.json,"https://iiif.dl.itc.u-tokyo.ac.jp/repo/iiif/c1ea8e6b-9403-4394-8619-96aad0ec6329/canvas/p4#xywh=3316,1172,144,3818",新編日本古典文学全集 p.17,,00017-03316
https://nakamura196.github.io/genji/ugm/utokyo/manifest/01.json,"https://iiif.dl.itc.u-tokyo.ac.jp/repo/iiif/c1ea8e6b-9403-4394-8619-96aad0ec6329/canvas/p6#xywh=1944,1168,132,3822",源氏物語大成 p.7,https://w3id.org/kouigenjimonogatari/data/0007-01.json,00007-01944
https://nakamura196.github.io/genji/ugm/utokyo/manifest/01.json,"https://iiif.dl.itc.u-tokyo.ac.jp/repo/iiif/c1ea8e6b-9403-4394-8619-96aad0ec6329/canvas/p6#xywh=5636,1196,144,3794",新編日本古典文学全集 p.19,,00019-05636
https://nakamura196.github.io/genji/ugm/utokyo/manifest/01.json,"https://iiif.dl.itc.u-tokyo.ac.jp/repo/iiif/c1ea8e6b-9403-4394-8619-96aad0ec6329/canvas/p6#xywh=1496,1148,120,3842",新編日本古典文学全集 p.20,,00020-01496
https://nakamura196.github.io/genji/ugm/utokyo/manifest/01.json,"https://iiif.dl.itc.u-tokyo.ac.jp/repo/iiif/c1ea8e6b-9403-4394-8619-96aad0ec6329/canvas/p20#xywh=4648,1192,126,3798",源氏物語大成 p.19,https://w3id.org/kouigenjimonogatari/data/0019-01.json,00019-04648
https://nakamura196.github.io/genji/ugm/utokyo/manifest/01.json,"https://iiif.dl.itc.u-tokyo.ac.jp/repo/iiif/c1ea8e6b-9403-4394-8619-96aad0ec6329/canvas/p20#xywh=5824,1172,162,3818",新編日本古典文学全集 p.37,,00037-05824
https://nakamura196.github.io/genji/ugm/utokyo/manifest/01.json,"https://iiif.dl.itc.u-tokyo.ac.jp/repo/iiif/c1ea8e6b-9403-4394-8619-96aad0ec6329/canvas/p20#xywh=1888,1164,120,3826",新編日本古典文学全集 p.38,,00038-01888
https://nakamura196.github.io/genji/ugm/utokyo/manifest/01.json,"https://iiif.dl.itc.u-tokyo.ac.jp/repo/iiif/c1ea8e6b-9403-4394-8619-96aad0ec6329/canvas/p24#xywh=5336,1164,150,3826",新編日本古典文学全集 p.42,,00042-05336
https://nakamura196.github.io/genji/ugm/utokyo/manifest/01.json,"https://iiif.dl.itc.u-tokyo.ac.jp/repo/iiif/c1ea8e6b-9403-4394-8619-96aad0ec6329/canvas/p19#xywh=5116,1192,120,3798",源氏物語大成 p.18,https://w3id.org/kouigenjimonogatari/data/0018-01.json,00018-05116
https://nakamura196.github.io/genji/ugm/utokyo/manifest/01.json,"https://iiif.dl.itc.u-tokyo.ac.jp/repo/iiif/c1ea8e6b-9403-4394-8619-96aad0ec6329/canvas/p19#xywh=4908,1164,144,3826",新編日本古典文学全集 p.36,,00036-04908
https://nakamura196.github.io/genji/ugm/utokyo/manifest/01.json,"https://iiif.dl.itc.u-tokyo.ac.jp/repo/iiif/c1ea8e6b-9403-4394-8619-96aad0ec6329/canvas/p8#xywh=4028,1100,120,3890",新編日本古典文学全集 p.22,,00022-04028
https://nakamura196.github.io/genji/ugm/utokyo/manifest/01.json,"https://iiif.dl.itc.u-tokyo.ac.jp/repo/iiif/c1ea8e6b-9403-4394-8619-96aad0ec6329/canvas/p23#xywh=1880,1180,126,3810",源氏物語大成 p.22,https://w3id.org/kouigenjimonogatari/data/0022-01.json,00022-01880
https://nakamura196.github.io/genji/ugm/utokyo/manifest/01.json,"https://iiif.dl.itc.u-tokyo.ac.jp/repo/iiif/c1ea8e6b-9403-4394-8619-96aad0ec6329/canvas/p23#xywh=5076,1140,144,3850",新編日本古典文学全集 p.41,,00041-05076
https://nakamura196.github.io/genji/ugm/utokyo/manifest/01.json,"https://iiif.dl.itc.u-tokyo.ac.jp/repo/iiif/c1ea8e6b-9403-4394-8619-96aad0ec6329/canvas/p11#xywh=4246,1168,132,3822",源氏物語大成 p.11,https://w3id.org/kouigenjimonogatari/data/0011-01.json,00011-04246
https://nakamura196.github.io/genji/ugm/utokyo/manifest/01.json,"https://iiif.dl.itc.u-tokyo.ac.jp/repo/iiif/c1ea8e6b-9403-4394-8619-96aad0ec6329/canvas/p11#xywh=4024,1156,144,3834",新編日本古典文学全集 p.26,,00026-04024
https://nakamura196.github.io/genji/ugm/utokyo/manifest/01.json,"https://iiif.dl.itc.u-tokyo.ac.jp/repo/iiif/c1ea8e6b-9403-4394-8619-96aad0ec6329/canvas/p7#xywh=1246,1152,174,3838",源氏物語大成 p.8,https://w3id.org/kouigenjimonogatari/data/0008-01.json,00008-01246
https://nakamura196.github.io/genji/ugm/utokyo/manifest/01.json,"https://iiif.dl.itc.u-tokyo.ac.jp/repo/iiif/c1ea8e6b-9403-4394-8619-96aad0ec6329/canvas/p7#xywh=2392,1164,144,3826",新編日本古典文学全集 p.21,,00021-02392
https://nakamura196.github.io/genji/ugm/utokyo/manifest/01.json,"https://iiif.dl.itc.u-tokyo.ac.jp/repo/iiif/c1ea8e6b-9403-4394-8619-96aad0ec6329/canvas/p14#xywh=2808,1168,120,3822",源氏物語大成 p.14,https://w3id.org/kouigenjimonogatari/data/0014-01.json,00014-02808
https://nakamura196.github.io/genji/ugm/utokyo/manifest/01.json,"https://iiif.dl.itc.u-tokyo.ac.jp/repo/iiif/c1ea8e6b-9403-4394-8619-96aad0ec6329/canvas/p14#xywh=4000,1116,150,3874",新編日本古典文学全集 p.30,,00030-04000
https://nakamura196.github.io/genji/ugm/utokyo/manifest/01.json,"https://iiif.dl.itc.u-tokyo.ac.jp/repo/iiif/c1ea8e6b-9403-4394-8619-96aad0ec6329/canvas/p30#xywh=1174,1192,156,3798",源氏物語大成 p.28,https://w3id.org/kouigenjimonogatari/data/0028-01.json,00028-01174
https://nakamura196.github.io/genji/ugm/utokyo/manifest/01.json,"https://iiif.dl.itc.u-tokyo.ac.jp/repo/iiif/c1ea8e6b-9403-4394-8619-96aad0ec6329/canvas/p30#xywh=5544,1164,144,3826",新編日本古典文学全集 p.49,,00049-05544
https://nakamura196.github.io/genji/ugm/utokyo/manifest/01.json,"https://iiif.dl.itc.u-tokyo.ac.jp/repo/iiif/c1ea8e6b-9403-4394-8619-96aad0ec6329/canvas/p30#xywh=1172,1156,156,3834",新編日本古典文学全集 p.50,,00050-01172
https://nakamura196.github.io/genji/ugm/utokyo/manifest/01.json,"https://iiif.dl.itc.u-tokyo.ac.jp/repo/iiif/c1ea8e6b-9403-4394-8619-96aad0ec6329/canvas/p29#xywh=2076,1200,144,3790",源氏物語大成 p.27,https://w3id.org/kouigenjimonogatari/data/0027-01.json,00027-02076
https://nakamura196.github.io/genji/ugm/utokyo/manifest/01.json,"https://iiif.dl.itc.u-tokyo.ac.jp/repo/iiif/c1ea8e6b-9403-4394-8619-96aad0ec6329/canvas/p29#xywh=4408,1164,114,3826",新編日本古典文学全集 p.48,,00048-04408
https://nakamura196.github.io/genji/ugm/utokyo/manifest/01.json,"https://iiif.dl.itc.u-tokyo.ac.jp/repo/iiif/c1ea8e6b-9403-4394-8619-96aad0ec6329/canvas/p15#xywh=2122,1184,132,3806",源氏物語大成 p.15,https://w3id.org/kouigenjimonogatari/data/0015-01.json,00015-02122
https://nakamura196.github.io/genji/ugm/utokyo/manifest/01.json,"https://iiif.dl.itc.u-tokyo.ac.jp/repo/iiif/c1ea8e6b-9403-4394-8619-96aad0ec6329/canvas/p15#xywh=4928,1124,120,3866",新編日本古典文学全集 p.31,,00031-04928
https://nakamura196.github.io/genji/ugm/utokyo/manifest/01.json,"https://iiif.dl.itc.u-tokyo.ac.jp/repo/iiif/c1ea8e6b-9403-4394-8619-96aad0ec6329/canvas/p25#xywh=5782,1200,132,3790",源氏物語大成 p.23,https://w3id.org/kouigenjimonogatari/data/0023-01.json,00023-05782
https://nakamura196.github.io/genji/ugm/utokyo/manifest/01.json,"https://iiif.dl.itc.u-tokyo.ac.jp/repo/iiif/c1ea8e6b-9403-4394-8619-96aad0ec6329/canvas/p25#xywh=5560,1180,120,3810",新編日本古典文学全集 p.43,,00043-05560
https://nakamura196.github.io/genji/ugm/utokyo/manifest/01.json,"https://iiif.dl.itc.u-tokyo.ac.jp/repo/iiif/c1ea8e6b-9403-4394-8619-96aad0ec6329/canvas/p25#xywh=1400,1164,144,3826",新編日本古典文学全集 p.44,,00044-01400
https://nakamura196.github.io/genji/ugm/utokyo/manifest/01.json,"https://iiif.dl.itc.u-tokyo.ac.jp/repo/iiif/c1ea8e6b-9403-4394-8619-96aad0ec6329/canvas/p12#xywh=3770,1168,132,3822",源氏物語大成 p.12,https://w3id.org/kouigenjimonogatari/data/0012-01.json,00012-03770
https://nakamura196.github.io/genji/ugm/utokyo/manifest/01.json,"https://iiif.dl.itc.u-tokyo.ac.jp/repo/iiif/c1ea8e6b-9403-4394-8619-96aad0ec6329/canvas/p12#xywh=5364,1164,138,3826",新編日本古典文学全集 p.27,,00027-05364
https://nakamura196.github.io/genji/ugm/utokyo/manifest/01.json,"https://iiif.dl.itc.u-tokyo.ac.jp/repo/iiif/c1ea8e6b-9403-4394-8619-96aad0ec6329/canvas/p12#xywh=1452,1156,138,3834",新編日本古典文学全集 p.28,,00028-01452
https://nakamura196.github.io/genji/ugm/utokyo/manifest/01.json,"https://iiif.dl.itc.u-tokyo.ac.jp/repo/iiif/c1ea8e6b-9403-4394-8619-96aad0ec6329/canvas/p28#xywh=2752,1208,144,3782",源氏物語大成 p.26,https://w3id.org/kouigenjimonogatari/data/0026-01.json,00026-02752
https://nakamura196.github.io/genji/ugm/utokyo/manifest/01.json,"https://iiif.dl.itc.u-tokyo.ac.jp/repo/iiif/c1ea8e6b-9403-4394-8619-96aad0ec6329/canvas/p28#xywh=3708,1148,174,3842",新編日本古典文学全集 p.47,,00047-03708
https://nakamura196.github.io/genji/ugm/utokyo/manifest/01.json,"https://iiif.dl.itc.u-tokyo.ac.jp/repo/iiif/c1ea8e6b-9403-4394-8619-96aad0ec6329/canvas/p9#xywh=5618,1196,162,3794",源氏物語大成 p.9,https://w3id.org/kouigenjimonogatari/data/0009-01.json,00009-05618
https://nakamura196.github.io/genji/ugm/utokyo/manifest/01.json,"https://iiif.dl.itc.u-tokyo.ac.jp/repo/iiif/c1ea8e6b-9403-4394-8619-96aad0ec6329/canvas/p9#xywh=4708,1164,138,3826",新編日本古典文学全集 p.23,,00023-04708
https://nakamura196.github.io/genji/ugm/utokyo/manifest/01.json,"https://iiif.dl.itc.u-tokyo.ac.jp/repo/iiif/c1ea8e6b-9403-4394-8619-96aad0ec6329/canvas/p9#xywh=1692,1140,144,3850",新編日本古典文学全集 p.24,,00024-01692
https://nakamura196.github.io/genji/ugm/utokyo/manifest/01.json,"https://iiif.dl.itc.u-tokyo.ac.jp/repo/iiif/c1ea8e6b-9403-4394-8619-96aad0ec6329/canvas/p10#xywh=4934,1156,144,3834",源氏物語大成 p.10,https://w3id.org/kouigenjimonogatari/data/0010-01.json,00010-04934
https://nakamura196.github.io/genji/ugm/utokyo/manifest/01.json,"https://iiif.dl.itc.u-tokyo.ac.jp/repo/iiif/c1ea8e6b-9403-4394-8619-96aad0ec6329/canvas/p10#xywh=2840,1164,150,3826",新編日本古典文学全集 p.25,,00025-02840
https://nakamura196.github.io/genji/ugm/utokyo/manifest/01.json,"https://iiif.dl.itc.u-tokyo.ac.jp/repo/iiif/c1ea8e6b-9403-4394-8619-96aad0ec6329/canvas/p5#xywh=2640,1176,180,3814",源氏物語大成 p.6,https://w3id.org/kouigenjimonogatari/data/0006-01.json,00006-02640
https://nakamura196.github.io/genji/ugm/utokyo/manifest/01.json,"https://iiif.dl.itc.u-tokyo.ac.jp/repo/iiif/c1ea8e6b-9403-4394-8619-96aad0ec6329/canvas/p5#xywh=5172,1156,120,3834",新編日本古典文学全集 p.18,,00018-05172
