"id","scripto_item_id","media_id","approved_by_id","position","synced","edited","edited_by","completed","completed_by","completed_revision","approved","approved_revision","imported_html"
"1","1","13",NULL,"1","2020-01-21 06:13:15",NULL,NULL,NULL,NULL,NULL,NULL,NULL,NULL
"2","1","14",NULL,"2","2020-01-21 06:13:15",NULL,NULL,NULL,NULL,NULL,NULL,NULL,NULL
"3","1","15",NULL,"3","2020-01-21 06:13:15",NULL,NULL,NULL,NULL,NULL,NULL,NULL,NULL
"4","1","16",NULL,"4","2020-01-21 06:13:15",NULL,NULL,NULL,NULL,NULL,NULL,NULL,NULL
"5","1","17",NULL,"5","2020-01-21 06:13:15",NULL,NULL,NULL,NULL,NULL,NULL,NULL,NULL
"6","1","18",NULL,"6","2020-01-21 06:13:15",NULL,NULL,NULL,NULL,NULL,NULL,NULL,NULL
"7","1","19",NULL,"7","2020-01-21 06:13:15",NULL,NULL,NULL,NULL,NULL,NULL,NULL,NULL
"8","1","20",NULL,"8","2020-01-21 06:13:15",NULL,NULL,NULL,NULL,NULL,NULL,NULL,NULL
"9","1","21",NULL,"9","2020-01-21 06:13:15",NULL,NULL,NULL,NULL,NULL,NULL,NULL,NULL
"10","1","22",NULL,"10","2020-01-21 06:13:15",NULL,NULL,NULL,NULL,NULL,NULL,NULL,NULL
"11","1","23",NULL,"11","2020-01-21 06:13:15",NULL,NULL,NULL,NULL,NULL,NULL,NULL,NULL
"12","1","24",NULL,"12","2020-01-21 06:13:15",NULL,NULL,NULL,NULL,NULL,NULL,NULL,NULL
"13","2","25",NULL,"1","2020-01-21 06:13:15",NULL,NULL,NULL,NULL,NULL,NULL,NULL,NULL
"14","2","26",NULL,"2","2020-01-21 06:13:15",NULL,NULL,NULL,NULL,NULL,NULL,NULL,NULL
"15","2","27",NULL,"3","2020-01-21 06:13:15",NULL,NULL,NULL,NULL,NULL,NULL,NULL,NULL
"16","2","28",NULL,"4","2020-01-21 06:13:15",NULL,NULL,NULL,NULL,NULL,NULL,NULL,NULL
"17","2","29",NULL,"5","2020-01-21 06:13:15",NULL,NULL,NULL,NULL,NULL,NULL,NULL,NULL
"18","2","30",NULL,"6","2020-01-21 06:13:15",NULL,NULL,NULL,NULL,NULL,NULL,NULL,NULL
"19","2","31",NULL,"7","2020-01-21 06:13:15",NULL,NULL,NULL,NULL,NULL,NULL,NULL,NULL
"20","2","32",NULL,"8","2020-01-21 06:13:15",NULL,NULL,NULL,NULL,NULL,NULL,NULL,NULL
"21","2","33",NULL,"9","2020-01-21 06:13:15",NULL,NULL,NULL,NULL,NULL,NULL,NULL,NULL
"22","2","34",NULL,"10","2020-01-21 06:13:15",NULL,NULL,NULL,NULL,NULL,NULL,NULL,NULL
"23","2","35",NULL,"11","2020-01-21 06:13:15",NULL,NULL,NULL,NULL,NULL,NULL,NULL,NULL
"24","2","36",NULL,"12","2020-01-21 06:13:15",NULL,NULL,NULL,NULL,NULL,NULL,NULL,NULL
"25","2","37",NULL,"13","2020-01-21 06:13:15",NULL,NULL,NULL,NULL,NULL,NULL,NULL,NULL
"26","2","38",NULL,"14","2020-01-21 06:13:15",NULL,NULL,NULL,NULL,NULL,NULL,NULL,NULL
"27","2","39",NULL,"15","2020-01-21 06:13:15",NULL,NULL,NULL,NULL,NULL,NULL,NULL,NULL
"28","2","40",NULL,"16","2020-01-21 06:13:15",NULL,NULL,NULL,NULL,NULL,NULL,NULL,NULL
"29","2","41",NULL,"17","2020-01-21 06:13:15",NULL,NULL,NULL,NULL,NULL,NULL,NULL,NULL
"30","2","42",NULL,"18","2020-01-21 06:13:15",NULL,NULL,NULL,NULL,NULL,NULL,NULL,NULL
"31","2","43",NULL,"19","2020-01-21 06:13:15",NULL,NULL,NULL,NULL,NULL,NULL,NULL,NULL
"32","2","44",NULL,"20","2020-01-21 06:13:15",NULL,NULL,NULL,NULL,NULL,NULL,NULL,NULL
"33","2","45",NULL,"21","2020-01-21 06:13:15",NULL,NULL,NULL,NULL,NULL,NULL,NULL,NULL
"34","2","46",NULL,"22","2020-01-21 06:13:15",NULL,NULL,NULL,NULL,NULL,NULL,NULL,NULL
"35","2","47",NULL,"23","2020-01-21 06:13:15",NULL,NULL,NULL,NULL,NULL,NULL,NULL,NULL
"36","2","48",NULL,"24","2020-01-21 06:13:15",NULL,NULL,NULL,NULL,NULL,NULL,NULL,NULL
"37","2","49",NULL,"25","2020-01-21 06:13:15",NULL,NULL,NULL,NULL,NULL,NULL,NULL,NULL
"38","2","50",NULL,"26","2020-01-21 06:13:15",NULL,NULL,NULL,NULL,NULL,NULL,NULL,NULL
"39","2","52",NULL,"27","2020-01-21 06:13:15",NULL,NULL,NULL,NULL,NULL,NULL,NULL,NULL
"40","2","53",NULL,"28","2020-01-21 06:13:15",NULL,NULL,NULL,NULL,NULL,NULL,NULL,NULL
"41","2","54",NULL,"29","2020-01-21 06:13:15",NULL,NULL,NULL,NULL,NULL,NULL,NULL,NULL
"42","2","55",NULL,"30","2020-01-21 06:13:15",NULL,NULL,NULL,NULL,NULL,NULL,NULL,NULL
"43","2","56",NULL,"31","2020-01-21 06:13:15",NULL,NULL,NULL,NULL,NULL,NULL,NULL,NULL
"44","2","57",NULL,"32","2020-01-21 06:13:15",NULL,NULL,NULL,NULL,NULL,NULL,NULL,NULL
"45","2","58",NULL,"33","2020-01-21 06:13:15",NULL,NULL,NULL,NULL,NULL,NULL,NULL,NULL
"46","2","59",NULL,"34","2020-01-21 06:13:15",NULL,NULL,NULL,NULL,NULL,NULL,NULL,NULL
"47","2","60",NULL,"35","2020-01-21 06:13:15",NULL,NULL,NULL,NULL,NULL,NULL,NULL,NULL
"48","2","61",NULL,"36","2020-01-21 06:13:15",NULL,NULL,NULL,NULL,NULL,NULL,NULL,NULL
"49","2","62",NULL,"37","2020-01-21 06:13:15",NULL,NULL,NULL,NULL,NULL,NULL,NULL,NULL
"50","2","63",NULL,"38","2020-01-21 06:13:15",NULL,NULL,NULL,NULL,NULL,NULL,NULL,NULL
"51","2","64",NULL,"39","2020-01-21 06:13:15",NULL,NULL,NULL,NULL,NULL,NULL,NULL,NULL
"52","2","65",NULL,"40","2020-01-21 06:13:15",NULL,NULL,NULL,NULL,NULL,NULL,NULL,NULL
"53","2","66",NULL,"41","2020-01-21 06:13:15",NULL,NULL,NULL,NULL,NULL,NULL,NULL,NULL
"54","2","67",NULL,"42","2020-01-21 06:13:15",NULL,NULL,NULL,NULL,NULL,NULL,NULL,NULL
"55","2","68",NULL,"43","2020-01-21 06:13:15",NULL,NULL,NULL,NULL,NULL,NULL,NULL,NULL
"56","2","69",NULL,"44","2020-01-21 06:13:15",NULL,NULL,NULL,NULL,NULL,NULL,NULL,NULL
"57","2","70",NULL,"45","2020-01-21 06:13:15",NULL,NULL,NULL,NULL,NULL,NULL,NULL,NULL
"58","2","71",NULL,"46","2020-01-21 06:13:15",NULL,NULL,NULL,NULL,NULL,NULL,NULL,NULL
"59","3","72",NULL,"1","2020-01-21 06:13:15",NULL,NULL,NULL,NULL,NULL,NULL,NULL,NULL
"60","3","73",NULL,"2","2020-01-21 06:13:15",NULL,NULL,NULL,NULL,NULL,NULL,NULL,NULL
"61","3","74",NULL,"3","2020-01-21 06:13:15",NULL,NULL,NULL,NULL,NULL,NULL,NULL,NULL
"62","3","75",NULL,"4","2020-01-21 06:13:15",NULL,NULL,NULL,NULL,NULL,NULL,NULL,NULL
"63","3","76",NULL,"5","2020-01-21 06:13:15",NULL,NULL,NULL,NULL,NULL,NULL,NULL,NULL
"64","3","77",NULL,"6","2020-01-21 06:13:15",NULL,NULL,NULL,NULL,NULL,NULL,NULL,NULL
"65","3","78",NULL,"7","2020-01-21 06:13:15",NULL,NULL,NULL,NULL,NULL,NULL,NULL,NULL
"66","3","79",NULL,"8","2020-01-21 06:13:15",NULL,NULL,NULL,NULL,NULL,NULL,NULL,NULL
"67","3","80",NULL,"9","2020-01-21 06:13:15",NULL,NULL,NULL,NULL,NULL,NULL,NULL,NULL
"68","3","81",NULL,"10","2020-01-21 06:13:15",NULL,NULL,NULL,NULL,NULL,NULL,NULL,NULL
"69","3","82",NULL,"11","2020-01-21 06:13:15",NULL,NULL,NULL,NULL,NULL,NULL,NULL,NULL
"70","3","83",NULL,"12","2020-01-21 06:13:15",NULL,NULL,NULL,NULL,NULL,NULL,NULL,NULL
"71","3","84",NULL,"13","2020-01-21 06:13:15",NULL,NULL,NULL,NULL,NULL,NULL,NULL,NULL
"72","3","85",NULL,"14","2020-01-21 06:13:15",NULL,NULL,NULL,NULL,NULL,NULL,NULL,NULL
"73","3","86",NULL,"15","2020-01-21 06:13:15",NULL,NULL,NULL,NULL,NULL,NULL,NULL,NULL
"74","3","87",NULL,"16","2020-01-21 06:13:15",NULL,NULL,NULL,NULL,NULL,NULL,NULL,NULL
"75","3","88",NULL,"17","2020-01-21 06:13:15",NULL,NULL,NULL,NULL,NULL,NULL,NULL,NULL
"76","3","89",NULL,"18","2020-01-21 06:13:15",NULL,NULL,NULL,NULL,NULL,NULL,NULL,NULL
"77","3","90",NULL,"19","2020-01-21 06:13:15",NULL,NULL,NULL,NULL,NULL,NULL,NULL,NULL
"78","3","91",NULL,"20","2020-01-21 06:13:15",NULL,NULL,NULL,NULL,NULL,NULL,NULL,NULL
"79","3","92",NULL,"21","2020-01-21 07:06:53",NULL,NULL,NULL,NULL,NULL,NULL,NULL,NULL
"80","3","93",NULL,"22","2020-01-21 07:06:53",NULL,NULL,NULL,NULL,NULL,NULL,NULL,NULL
"81","3","94",NULL,"23","2020-01-21 07:06:53",NULL,NULL,NULL,NULL,NULL,NULL,NULL,NULL
"82","3","95",NULL,"24","2020-01-21 07:06:53",NULL,NULL,NULL,NULL,NULL,NULL,NULL,NULL
"83","3","96",NULL,"25","2020-01-21 07:06:53",NULL,NULL,NULL,NULL,NULL,NULL,NULL,NULL
"84","3","97",NULL,"26","2020-01-21 07:06:53",NULL,NULL,NULL,NULL,NULL,NULL,NULL,NULL
"85","3","98",NULL,"27","2020-01-21 07:06:53",NULL,NULL,NULL,NULL,NULL,NULL,NULL,NULL
"86","3","99",NULL,"28","2020-01-21 07:06:53",NULL,NULL,NULL,NULL,NULL,NULL,NULL,NULL
"87","3","100",NULL,"29","2020-01-21 07:06:53",NULL,NULL,NULL,NULL,NULL,NULL,NULL,NULL
"88","3","101",NULL,"30","2020-01-21 07:06:53",NULL,NULL,NULL,NULL,NULL,NULL,NULL,NULL
"89","3","102",NULL,"31","2020-01-21 07:06:53",NULL,NULL,NULL,NULL,NULL,NULL,NULL,NULL
"90","3","103",NULL,"32","2020-01-21 07:06:53",NULL,NULL,NULL,NULL,NULL,NULL,NULL,NULL
"91","3","104",NULL,"33","2020-01-21 07:06:53",NULL,NULL,NULL,NULL,NULL,NULL,NULL,NULL
"92","4","105",NULL,"1","2020-01-21 07:06:53",NULL,NULL,NULL,NULL,NULL,NULL,NULL,NULL
"93","4","106",NULL,"2","2020-01-21 07:06:53",NULL,NULL,NULL,NULL,NULL,NULL,NULL,NULL
"94","4","107",NULL,"3","2020-01-21 07:06:53",NULL,NULL,NULL,NULL,NULL,NULL,NULL,NULL
"95","4","108",NULL,"4","2020-01-21 07:06:53",NULL,NULL,NULL,NULL,NULL,NULL,NULL,NULL
"96","4","109",NULL,"5","2020-01-21 07:06:53",NULL,NULL,NULL,NULL,NULL,NULL,NULL,NULL
"97","4","110",NULL,"6","2020-01-21 07:06:53",NULL,NULL,NULL,NULL,NULL,NULL,NULL,NULL
"98","4","111",NULL,"7","2020-01-21 07:06:53",NULL,NULL,NULL,NULL,NULL,NULL,NULL,NULL
"99","4","112",NULL,"8","2020-01-21 07:06:53",NULL,NULL,NULL,NULL,NULL,NULL,NULL,NULL
"100","4","113",NULL,"9","2020-01-21 07:06:53",NULL,NULL,NULL,NULL,NULL,NULL,NULL,NULL
"101","4","114",NULL,"10","2020-01-21 07:06:53",NULL,NULL,NULL,NULL,NULL,NULL,NULL,NULL
"102","4","115",NULL,"11","2020-01-21 07:06:53",NULL,NULL,NULL,NULL,NULL,NULL,NULL,NULL
"103","4","116",NULL,"12","2020-01-21 07:06:53",NULL,NULL,NULL,NULL,NULL,NULL,NULL,NULL
"104","4","117",NULL,"13","2020-01-21 07:06:53",NULL,NULL,NULL,NULL,NULL,NULL,NULL,NULL
"105","4","118",NULL,"14","2020-01-21 07:06:53",NULL,NULL,NULL,NULL,NULL,NULL,NULL,NULL
"106","4","119",NULL,"15","2020-01-21 07:06:53",NULL,NULL,NULL,NULL,NULL,NULL,NULL,NULL
"107","4","120",NULL,"16","2020-01-21 07:06:53",NULL,NULL,NULL,NULL,NULL,NULL,NULL,NULL
"108","4","121",NULL,"17","2020-01-21 07:06:53",NULL,NULL,NULL,NULL,NULL,NULL,NULL,NULL
"109","4","122",NULL,"18","2020-01-21 07:06:53",NULL,NULL,NULL,NULL,NULL,NULL,NULL,NULL
"110","4","123",NULL,"19","2020-01-21 07:06:53",NULL,NULL,NULL,NULL,NULL,NULL,NULL,NULL
"111","4","124",NULL,"20","2020-01-21 07:06:53",NULL,NULL,NULL,NULL,NULL,NULL,NULL,NULL
"112","4","125",NULL,"21","2020-01-21 07:06:53",NULL,NULL,NULL,NULL,NULL,NULL,NULL,NULL
"113","4","126",NULL,"22","2020-01-21 07:06:53",NULL,NULL,NULL,NULL,NULL,NULL,NULL,NULL
"114","4","127",NULL,"23","2020-01-21 07:06:53",NULL,NULL,NULL,NULL,NULL,NULL,NULL,NULL
"115","4","128",NULL,"24","2020-01-21 07:06:53",NULL,NULL,NULL,NULL,NULL,NULL,NULL,NULL
"116","4","129",NULL,"25","2020-01-21 07:06:53",NULL,NULL,NULL,NULL,NULL,NULL,NULL,NULL
"117","4","130",NULL,"26","2020-01-21 07:06:53",NULL,NULL,NULL,NULL,NULL,NULL,NULL,NULL
"118","4","131",NULL,"27","2020-01-21 07:06:53",NULL,NULL,NULL,NULL,NULL,NULL,NULL,NULL
"119","4","132",NULL,"28","2020-01-21 07:06:53",NULL,NULL,NULL,NULL,NULL,NULL,NULL,NULL
"120","4","133",NULL,"29","2020-01-21 07:06:53",NULL,NULL,NULL,NULL,NULL,NULL,NULL,NULL
"121","4","134",NULL,"30","2020-01-21 07:06:53",NULL,NULL,NULL,NULL,NULL,NULL,NULL,NULL
"122","4","135",NULL,"31","2020-01-21 07:06:53",NULL,NULL,NULL,NULL,NULL,NULL,NULL,NULL
"123","4","136",NULL,"32","2020-01-21 07:06:53",NULL,NULL,NULL,NULL,NULL,NULL,NULL,NULL
"124","4","137",NULL,"33","2020-01-21 07:06:53",NULL,NULL,NULL,NULL,NULL,NULL,NULL,NULL
"125","4","138",NULL,"34","2020-01-21 07:06:53",NULL,NULL,NULL,NULL,NULL,NULL,NULL,NULL
"126","4","139",NULL,"35","2020-01-21 07:06:53",NULL,NULL,NULL,NULL,NULL,NULL,NULL,NULL
"127","4","140",NULL,"36","2020-01-21 07:06:53",NULL,NULL,NULL,NULL,NULL,NULL,NULL,NULL
"128","5","141",NULL,"1","2020-01-21 07:06:53",NULL,NULL,NULL,NULL,NULL,NULL,NULL,NULL
"129","5","142",NULL,"2","2020-01-21 07:06:53",NULL,NULL,NULL,NULL,NULL,NULL,NULL,NULL
"130","5","143",NULL,"3","2020-01-21 07:06:53",NULL,NULL,NULL,NULL,NULL,NULL,NULL,NULL
"131","5","144",NULL,"4","2020-01-21 07:06:53",NULL,NULL,NULL,NULL,NULL,NULL,NULL,NULL
"132","5","145",NULL,"5","2020-01-21 07:06:53",NULL,NULL,NULL,NULL,NULL,NULL,NULL,NULL
"133","5","146",NULL,"6","2020-01-21 07:06:53",NULL,NULL,NULL,NULL,NULL,NULL,NULL,NULL
"134","5","147",NULL,"7","2020-01-21 07:06:53",NULL,NULL,NULL,NULL,NULL,NULL,NULL,NULL
"135","5","148",NULL,"8","2020-01-21 07:06:53",NULL,NULL,NULL,NULL,NULL,NULL,NULL,NULL
"136","5","149",NULL,"9","2020-01-21 07:06:53",NULL,NULL,NULL,NULL,NULL,NULL,NULL,NULL
"137","5","150",NULL,"10","2020-01-21 07:06:53",NULL,NULL,NULL,NULL,NULL,NULL,NULL,NULL
"138","5","151",NULL,"11","2020-01-21 07:06:53",NULL,NULL,NULL,NULL,NULL,NULL,NULL,NULL
"139","5","152",NULL,"12","2020-01-21 07:06:53",NULL,NULL,NULL,NULL,NULL,NULL,NULL,NULL
"140","5","153",NULL,"13","2020-01-21 07:06:53",NULL,NULL,NULL,NULL,NULL,NULL,NULL,NULL
"141","5","154",NULL,"14","2020-01-21 07:06:53",NULL,NULL,NULL,NULL,NULL,NULL,NULL,NULL
"142","5","155",NULL,"15","2020-01-21 07:06:53",NULL,NULL,NULL,NULL,NULL,NULL,NULL,NULL
"143","5","156",NULL,"16","2020-01-21 07:06:53",NULL,NULL,NULL,NULL,NULL,NULL,NULL,NULL
"144","5","157",NULL,"17","2020-01-21 07:06:53",NULL,NULL,NULL,NULL,NULL,NULL,NULL,NULL
"145","5","158",NULL,"18","2020-01-21 07:06:53",NULL,NULL,NULL,NULL,NULL,NULL,NULL,NULL
"146","5","159",NULL,"19","2020-01-21 07:06:53",NULL,NULL,NULL,NULL,NULL,NULL,NULL,NULL
"147","5","160",NULL,"20","2020-01-21 07:06:53",NULL,NULL,NULL,NULL,NULL,NULL,NULL,NULL
"148","5","161",NULL,"21","2020-01-21 07:06:53",NULL,NULL,NULL,NULL,NULL,NULL,NULL,NULL
"149","5","162",NULL,"22","2020-01-21 07:06:53",NULL,NULL,NULL,NULL,NULL,NULL,NULL,NULL
"150","5","163",NULL,"23","2020-01-21 07:06:53",NULL,NULL,NULL,NULL,NULL,NULL,NULL,NULL
"151","5","164",NULL,"24","2020-01-21 07:06:53",NULL,NULL,NULL,NULL,NULL,NULL,NULL,NULL
"152","5","165",NULL,"25","2020-01-21 07:06:53",NULL,NULL,NULL,NULL,NULL,NULL,NULL,NULL
"153","5","166",NULL,"26","2020-01-21 07:06:53",NULL,NULL,NULL,NULL,NULL,NULL,NULL,NULL
"154","5","167",NULL,"27","2020-01-21 07:06:53",NULL,NULL,NULL,NULL,NULL,NULL,NULL,NULL
"155","5","168",NULL,"28","2020-01-21 07:06:53",NULL,NULL,NULL,NULL,NULL,NULL,NULL,NULL
"156","5","169",NULL,"29","2020-01-21 07:06:53",NULL,NULL,NULL,NULL,NULL,NULL,NULL,NULL
"157","6","170",NULL,"1","2020-01-21 07:06:53",NULL,NULL,NULL,NULL,NULL,NULL,NULL,NULL
"158","6","171",NULL,"2","2020-01-21 07:06:53",NULL,NULL,NULL,NULL,NULL,NULL,NULL,NULL
"159","6","172",NULL,"3","2020-01-21 07:06:53",NULL,NULL,NULL,NULL,NULL,NULL,NULL,NULL
"160","6","173",NULL,"4","2020-01-21 07:06:53",NULL,NULL,NULL,NULL,NULL,NULL,NULL,NULL
"161","6","174",NULL,"5","2020-01-21 07:06:53",NULL,NULL,NULL,NULL,NULL,NULL,NULL,NULL
"162","6","175",NULL,"6","2020-01-21 07:06:53",NULL,NULL,NULL,NULL,NULL,NULL,NULL,NULL
"163","6","176",NULL,"7","2020-01-21 07:06:53",NULL,NULL,NULL,NULL,NULL,NULL,NULL,NULL
"164","6","177",NULL,"8","2020-01-21 07:06:53",NULL,NULL,NULL,NULL,NULL,NULL,NULL,NULL
"165","6","178",NULL,"9","2020-01-21 07:06:53",NULL,NULL,NULL,NULL,NULL,NULL,NULL,NULL
"166","6","179",NULL,"10","2020-01-21 07:06:53",NULL,NULL,NULL,NULL,NULL,NULL,NULL,NULL
"167","6","180",NULL,"11","2020-01-21 07:06:53",NULL,NULL,NULL,NULL,NULL,NULL,NULL,NULL
"168","6","181",NULL,"12","2020-01-21 07:06:53",NULL,NULL,NULL,NULL,NULL,NULL,NULL,NULL
"169","6","182",NULL,"13","2020-01-21 07:06:53",NULL,NULL,NULL,NULL,NULL,NULL,NULL,NULL
"170","6","183",NULL,"14","2020-01-21 07:06:53",NULL,NULL,NULL,NULL,NULL,NULL,NULL,NULL
"171","6","184",NULL,"15","2020-01-21 07:06:53",NULL,NULL,NULL,NULL,NULL,NULL,NULL,NULL
"172","6","185",NULL,"16","2020-01-21 07:06:53",NULL,NULL,NULL,NULL,NULL,NULL,NULL,NULL
"173","6","186",NULL,"17","2020-01-21 07:06:53",NULL,NULL,NULL,NULL,NULL,NULL,NULL,NULL
"174","6","187",NULL,"18","2020-01-21 07:06:53",NULL,NULL,NULL,NULL,NULL,NULL,NULL,NULL
"175","6","188",NULL,"19","2020-01-21 07:06:53",NULL,NULL,NULL,NULL,NULL,NULL,NULL,NULL
"176","6","189",NULL,"20","2020-01-21 07:06:53",NULL,NULL,NULL,NULL,NULL,NULL,NULL,NULL
"177","6","190",NULL,"21","2020-01-21 07:06:53",NULL,NULL,NULL,NULL,NULL,NULL,NULL,NULL
"178","6","191",NULL,"22","2020-01-21 07:06:53",NULL,NULL,NULL,NULL,NULL,NULL,NULL,NULL
"179","6","192",NULL,"23","2020-01-21 07:06:53",NULL,NULL,NULL,NULL,NULL,NULL,NULL,NULL
"180","6","193",NULL,"24","2020-01-21 07:06:53",NULL,NULL,NULL,NULL,NULL,NULL,NULL,NULL
"181","6","194",NULL,"25","2020-01-21 07:06:53",NULL,NULL,NULL,NULL,NULL,NULL,NULL,NULL
"182","6","195",NULL,"26","2020-01-21 07:06:53",NULL,NULL,NULL,NULL,NULL,NULL,NULL,NULL
"183","6","196",NULL,"27","2020-01-21 07:06:53",NULL,NULL,NULL,NULL,NULL,NULL,NULL,NULL
"184","6","197",NULL,"28","2020-01-21 07:06:53",NULL,NULL,NULL,NULL,NULL,NULL,NULL,NULL
"185","6","198",NULL,"29","2020-01-21 07:06:53",NULL,NULL,NULL,NULL,NULL,NULL,NULL,NULL
"186","6","199",NULL,"30","2020-01-21 07:06:53",NULL,NULL,NULL,NULL,NULL,NULL,NULL,NULL
"187","6","200",NULL,"31","2020-01-21 07:06:53",NULL,NULL,NULL,NULL,NULL,NULL,NULL,NULL
"188","6","201",NULL,"32","2020-01-21 07:06:53",NULL,NULL,NULL,NULL,NULL,NULL,NULL,NULL
"189","6","202",NULL,"33","2020-01-21 07:06:53",NULL,NULL,NULL,NULL,NULL,NULL,NULL,NULL
"190","7","203",NULL,"1","2020-01-21 07:06:53",NULL,NULL,NULL,NULL,NULL,NULL,NULL,NULL
"191","7","204",NULL,"2","2020-01-21 07:06:53",NULL,NULL,NULL,NULL,NULL,NULL,NULL,NULL
"192","7","205",NULL,"3","2020-01-21 07:06:53",NULL,NULL,NULL,NULL,NULL,NULL,NULL,NULL
"193","7","206",NULL,"4","2020-01-21 07:06:53",NULL,NULL,NULL,NULL,NULL,NULL,NULL,NULL
"194","7","207",NULL,"5","2020-01-21 07:06:53",NULL,NULL,NULL,NULL,NULL,NULL,NULL,NULL
"195","7","208",NULL,"6","2020-01-21 07:06:53",NULL,NULL,NULL,NULL,NULL,NULL,NULL,NULL
"196","7","209",NULL,"7","2020-01-21 07:06:53",NULL,NULL,NULL,NULL,NULL,NULL,NULL,NULL
"197","7","210",NULL,"8","2020-01-21 07:06:53",NULL,NULL,NULL,NULL,NULL,NULL,NULL,NULL
"198","7","211",NULL,"9","2020-01-21 07:06:53",NULL,NULL,NULL,NULL,NULL,NULL,NULL,NULL
"199","7","212",NULL,"10","2020-01-21 07:06:53",NULL,NULL,NULL,NULL,NULL,NULL,NULL,NULL
"200","7","213",NULL,"11","2020-01-21 07:06:53",NULL,NULL,NULL,NULL,NULL,NULL,NULL,NULL
"201","7","214",NULL,"12","2020-01-21 07:06:53",NULL,NULL,NULL,NULL,NULL,NULL,NULL,NULL
"202","7","215",NULL,"13","2020-01-21 07:06:53",NULL,NULL,NULL,NULL,NULL,NULL,NULL,NULL
"203","7","216",NULL,"14","2020-01-21 07:06:53",NULL,NULL,NULL,NULL,NULL,NULL,NULL,NULL
"204","7","217",NULL,"15","2020-01-21 07:06:53",NULL,NULL,NULL,NULL,NULL,NULL,NULL,NULL
"205","7","218",NULL,"16","2020-01-21 07:06:53",NULL,NULL,NULL,NULL,NULL,NULL,NULL,NULL
"206","7","219",NULL,"17","2020-01-21 07:06:53",NULL,NULL,NULL,NULL,NULL,NULL,NULL,NULL
"207","8","249",NULL,"1","2020-01-21 07:06:53",NULL,NULL,NULL,NULL,NULL,NULL,NULL,NULL
"208","8","250",NULL,"2","2020-01-21 07:06:53",NULL,NULL,NULL,NULL,NULL,NULL,NULL,NULL
"209","8","251",NULL,"3","2020-01-21 07:06:53",NULL,NULL,NULL,NULL,NULL,NULL,NULL,NULL
"210","8","252",NULL,"4","2020-01-21 07:06:53",NULL,NULL,NULL,NULL,NULL,NULL,NULL,NULL
"211","8","253",NULL,"5","2020-01-21 07:06:53",NULL,NULL,NULL,NULL,NULL,NULL,NULL,NULL
"212","8","254",NULL,"6","2020-01-21 07:06:53",NULL,NULL,NULL,NULL,NULL,NULL,NULL,NULL
"213","8","255",NULL,"7","2020-01-21 07:06:53",NULL,NULL,NULL,NULL,NULL,NULL,NULL,NULL
"214","8","256",NULL,"8","2020-01-21 07:06:53",NULL,NULL,NULL,NULL,NULL,NULL,NULL,NULL
"215","8","257",NULL,"9","2020-01-21 07:06:53",NULL,NULL,NULL,NULL,NULL,NULL,NULL,NULL
"216","8","258",NULL,"10","2020-01-21 07:06:53",NULL,NULL,NULL,NULL,NULL,NULL,NULL,NULL
"217","8","259",NULL,"11","2020-01-21 07:06:53",NULL,NULL,NULL,NULL,NULL,NULL,NULL,NULL
"218","8","260",NULL,"12","2020-01-21 07:06:53",NULL,NULL,NULL,NULL,NULL,NULL,NULL,NULL
"219","8","261",NULL,"13","2020-01-21 07:06:53",NULL,NULL,NULL,NULL,NULL,NULL,NULL,NULL
"220","8","262",NULL,"14","2020-01-21 07:06:53",NULL,NULL,NULL,NULL,NULL,NULL,NULL,NULL
"221","8","263",NULL,"15","2020-01-21 07:06:53",NULL,NULL,NULL,NULL,NULL,NULL,NULL,NULL
"222","8","264",NULL,"16","2020-01-21 07:06:53",NULL,NULL,NULL,NULL,NULL,NULL,NULL,NULL
"223","8","265",NULL,"17","2020-01-21 07:06:53",NULL,NULL,NULL,NULL,NULL,NULL,NULL,NULL
"224","8","266",NULL,"18","2020-01-21 07:06:53",NULL,NULL,NULL,NULL,NULL,NULL,NULL,NULL
"225","8","302",NULL,"19","2020-01-21 07:06:53",NULL,NULL,NULL,NULL,NULL,NULL,NULL,NULL
"226","8","303",NULL,"20","2020-01-21 07:06:53",NULL,NULL,NULL,NULL,NULL,NULL,NULL,NULL
"227","8","304",NULL,"21","2020-01-21 07:06:53",NULL,NULL,NULL,NULL,NULL,NULL,NULL,NULL
"228","9","305",NULL,"1","2020-01-21 07:06:53",NULL,NULL,NULL,NULL,NULL,NULL,NULL,NULL
"229","9","306",NULL,"2","2020-01-21 07:06:53",NULL,NULL,NULL,NULL,NULL,NULL,NULL,NULL
"230","9","307",NULL,"3","2020-01-21 07:06:53",NULL,NULL,NULL,NULL,NULL,NULL,NULL,NULL
"231","9","308",NULL,"4","2020-01-21 07:06:53",NULL,NULL,NULL,NULL,NULL,NULL,NULL,NULL
"232","9","309",NULL,"5","2020-01-21 07:06:53",NULL,NULL,NULL,NULL,NULL,NULL,NULL,NULL
"233","9","310",NULL,"6","2020-01-21 07:06:53",NULL,NULL,NULL,NULL,NULL,NULL,NULL,NULL
"234","9","311",NULL,"7","2020-01-21 07:06:53",NULL,NULL,NULL,NULL,NULL,NULL,NULL,NULL
"235","9","312",NULL,"8","2020-01-21 07:06:53",NULL,NULL,NULL,NULL,NULL,NULL,NULL,NULL
"236","9","313",NULL,"9","2020-01-21 07:06:53",NULL,NULL,NULL,NULL,NULL,NULL,NULL,NULL
"237","9","314",NULL,"10","2020-01-21 07:06:53",NULL,NULL,NULL,NULL,NULL,NULL,NULL,NULL
"238","9","315",NULL,"11","2020-01-21 07:06:53",NULL,NULL,NULL,NULL,NULL,NULL,NULL,NULL
"239","10","316",NULL,"1","2020-01-21 07:06:53",NULL,NULL,NULL,NULL,NULL,NULL,NULL,NULL
"240","10","317",NULL,"2","2020-01-21 07:06:53",NULL,NULL,NULL,NULL,NULL,NULL,NULL,NULL
"241","10","318",NULL,"3","2020-01-21 07:06:53",NULL,NULL,NULL,NULL,NULL,NULL,NULL,NULL
"242","10","319",NULL,"4","2020-01-21 07:06:53",NULL,NULL,NULL,NULL,NULL,NULL,NULL,NULL
"243","10","320",NULL,"5","2020-01-21 07:06:53",NULL,NULL,NULL,NULL,NULL,NULL,NULL,NULL
"244","10","321",NULL,"6","2020-01-21 07:06:53",NULL,NULL,NULL,NULL,NULL,NULL,NULL,NULL
"245","10","362",NULL,"7","2020-01-21 07:06:53",NULL,NULL,NULL,NULL,NULL,NULL,NULL,NULL
"246","10","363",NULL,"8","2020-01-21 07:06:53",NULL,NULL,NULL,NULL,NULL,NULL,NULL,NULL
"247","10","364",NULL,"9","2020-01-21 07:06:53",NULL,NULL,NULL,NULL,NULL,NULL,NULL,NULL
"248","11","365",NULL,"1","2020-01-21 07:06:53",NULL,NULL,NULL,NULL,NULL,NULL,NULL,NULL
"249","11","366",NULL,"2","2020-01-21 07:06:53",NULL,NULL,NULL,NULL,NULL,NULL,NULL,NULL
"250","11","367",NULL,"3","2020-01-21 07:06:53",NULL,NULL,NULL,NULL,NULL,NULL,NULL,NULL
"251","11","368",NULL,"4","2020-01-21 07:06:53",NULL,NULL,NULL,NULL,NULL,NULL,NULL,NULL
"252","11","369",NULL,"5","2020-01-21 07:06:53",NULL,NULL,NULL,NULL,NULL,NULL,NULL,NULL
"253","11","370",NULL,"6","2020-01-21 07:06:53",NULL,NULL,NULL,NULL,NULL,NULL,NULL,NULL
"254","11","371",NULL,"7","2020-01-21 07:06:53",NULL,NULL,NULL,NULL,NULL,NULL,NULL,NULL
"255","11","372",NULL,"8","2020-01-21 07:06:53",NULL,NULL,NULL,NULL,NULL,NULL,NULL,NULL
"256","11","373",NULL,"9","2020-01-21 07:06:53",NULL,NULL,NULL,NULL,NULL,NULL,NULL,NULL
"257","11","374",NULL,"10","2020-01-21 07:06:53",NULL,NULL,NULL,NULL,NULL,NULL,NULL,NULL
"258","11","375",NULL,"11","2020-01-21 07:06:53",NULL,NULL,NULL,NULL,NULL,NULL,NULL,NULL
"259","11","376",NULL,"12","2020-01-21 07:06:53",NULL,NULL,NULL,NULL,NULL,NULL,NULL,NULL
"260","11","377",NULL,"13","2020-01-21 07:06:53",NULL,NULL,NULL,NULL,NULL,NULL,NULL,NULL
"261","11","378",NULL,"14","2020-01-21 07:06:53",NULL,NULL,NULL,NULL,NULL,NULL,NULL,NULL
"262","11","379",NULL,"15","2020-01-21 07:06:53",NULL,NULL,NULL,NULL,NULL,NULL,NULL,NULL
"263","11","380",NULL,"16","2020-01-21 07:06:53",NULL,NULL,NULL,NULL,NULL,NULL,NULL,NULL
"264","11","381",NULL,"17","2020-01-21 07:06:53",NULL,NULL,NULL,NULL,NULL,NULL,NULL,NULL
"265","11","422",NULL,"18","2020-01-21 07:06:53",NULL,NULL,NULL,NULL,NULL,NULL,NULL,NULL
"266","11","423",NULL,"19","2020-01-21 07:06:53",NULL,NULL,NULL,NULL,NULL,NULL,NULL,NULL
"267","11","424",NULL,"20","2020-01-21 07:06:53",NULL,NULL,NULL,NULL,NULL,NULL,NULL,NULL
"268","11","425",NULL,"21","2020-01-21 07:06:53",NULL,NULL,NULL,NULL,NULL,NULL,NULL,NULL
"269","11","426",NULL,"22","2020-01-21 07:06:53",NULL,NULL,NULL,NULL,NULL,NULL,NULL,NULL
"270","11","427",NULL,"23","2020-01-21 07:06:53",NULL,NULL,NULL,NULL,NULL,NULL,NULL,NULL
"271","11","428",NULL,"24","2020-01-21 07:06:53",NULL,NULL,NULL,NULL,NULL,NULL,NULL,NULL
"272","11","429",NULL,"25","2020-01-21 07:06:53",NULL,NULL,NULL,NULL,NULL,NULL,NULL,NULL
"273","11","430",NULL,"26","2020-01-21 07:06:53",NULL,NULL,NULL,NULL,NULL,NULL,NULL,NULL
"274","11","431",NULL,"27","2020-01-21 07:06:53",NULL,NULL,NULL,NULL,NULL,NULL,NULL,NULL
"275","11","432",NULL,"28","2020-01-21 07:06:53",NULL,NULL,NULL,NULL,NULL,NULL,NULL,NULL
"276","11","433",NULL,"29","2020-01-21 07:06:53",NULL,NULL,NULL,NULL,NULL,NULL,NULL,NULL
"277","11","434",NULL,"30","2020-01-21 07:06:53",NULL,NULL,NULL,NULL,NULL,NULL,NULL,NULL
"278","11","435",NULL,"31","2020-01-21 07:06:53",NULL,NULL,NULL,NULL,NULL,NULL,NULL,NULL
"279","11","436",NULL,"32","2020-01-21 07:06:53",NULL,NULL,NULL,NULL,NULL,NULL,NULL,NULL
"280","11","437",NULL,"33","2020-01-21 07:06:53",NULL,NULL,NULL,NULL,NULL,NULL,NULL,NULL
"281","11","438",NULL,"34","2020-01-21 07:06:53",NULL,NULL,NULL,NULL,NULL,NULL,NULL,NULL
"282","11","439",NULL,"35","2020-01-21 07:06:53",NULL,NULL,NULL,NULL,NULL,NULL,NULL,NULL
"283","11","440",NULL,"36","2020-01-21 07:06:53",NULL,NULL,NULL,NULL,NULL,NULL,NULL,NULL
"284","12","441",NULL,"1","2020-01-21 07:06:53",NULL,NULL,NULL,NULL,NULL,NULL,NULL,NULL
"285","12","482",NULL,"2","2020-01-21 07:06:53",NULL,NULL,NULL,NULL,NULL,NULL,NULL,NULL
"286","12","483",NULL,"3","2020-01-21 07:06:53",NULL,NULL,NULL,NULL,NULL,NULL,NULL,NULL
"287","12","484",NULL,"4","2020-01-21 07:06:53",NULL,NULL,NULL,NULL,NULL,NULL,NULL,NULL
"288","12","485",NULL,"5","2020-01-21 07:06:53",NULL,NULL,NULL,NULL,NULL,NULL,NULL,NULL
"289","12","486",NULL,"6","2020-01-21 07:06:53",NULL,NULL,NULL,NULL,NULL,NULL,NULL,NULL
"290","12","487",NULL,"7","2020-01-21 07:06:53",NULL,NULL,NULL,NULL,NULL,NULL,NULL,NULL
"291","12","488",NULL,"8","2020-01-21 07:06:53",NULL,NULL,NULL,NULL,NULL,NULL,NULL,NULL
"292","12","489",NULL,"9","2020-01-21 07:06:53",NULL,NULL,NULL,NULL,NULL,NULL,NULL,NULL
"293","12","490",NULL,"10","2020-01-21 07:06:53",NULL,NULL,NULL,NULL,NULL,NULL,NULL,NULL
"294","12","491",NULL,"11","2020-01-21 07:06:53",NULL,NULL,NULL,NULL,NULL,NULL,NULL,NULL
"295","13","492",NULL,"1","2020-01-21 07:06:53",NULL,NULL,NULL,NULL,NULL,NULL,NULL,NULL
"296","13","493",NULL,"2","2020-01-21 07:06:53",NULL,NULL,NULL,NULL,NULL,NULL,NULL,NULL
"297","13","494",NULL,"3","2020-01-21 07:06:53",NULL,NULL,NULL,NULL,NULL,NULL,NULL,NULL
"298","13","495",NULL,"4","2020-01-21 07:06:53",NULL,NULL,NULL,NULL,NULL,NULL,NULL,NULL
"299","13","496",NULL,"5","2020-01-21 07:06:53",NULL,NULL,NULL,NULL,NULL,NULL,NULL,NULL
"300","13","497",NULL,"6","2020-01-21 07:06:53",NULL,NULL,NULL,NULL,NULL,NULL,NULL,NULL
"301","13","498",NULL,"7","2020-01-21 07:06:53",NULL,NULL,NULL,NULL,NULL,NULL,NULL,NULL
"302","13","499",NULL,"8","2020-01-21 07:06:53",NULL,NULL,NULL,NULL,NULL,NULL,NULL,NULL
"303","13","500",NULL,"9","2020-01-21 07:06:53",NULL,NULL,NULL,NULL,NULL,NULL,NULL,NULL
"304","13","501",NULL,"10","2020-01-21 07:06:53",NULL,NULL,NULL,NULL,NULL,NULL,NULL,NULL
"305","13","542",NULL,"11","2020-01-21 07:06:53",NULL,NULL,NULL,NULL,NULL,NULL,NULL,NULL
"306","13","543",NULL,"12","2020-01-21 07:06:53",NULL,NULL,NULL,NULL,NULL,NULL,NULL,NULL
"307","13","544",NULL,"13","2020-01-21 07:06:53",NULL,NULL,NULL,NULL,NULL,NULL,NULL,NULL
"308","14","545",NULL,"1","2020-01-21 07:06:53",NULL,NULL,NULL,NULL,NULL,NULL,NULL,NULL
"309","14","546",NULL,"2","2020-01-21 07:06:53",NULL,NULL,NULL,NULL,NULL,NULL,NULL,NULL
"310","14","547",NULL,"3","2020-01-21 07:06:53",NULL,NULL,NULL,NULL,NULL,NULL,NULL,NULL
"311","14","548",NULL,"4","2020-01-21 07:06:53",NULL,NULL,NULL,NULL,NULL,NULL,NULL,NULL
"312","14","549",NULL,"5","2020-01-21 07:06:53",NULL,NULL,NULL,NULL,NULL,NULL,NULL,NULL
"313","14","550",NULL,"6","2020-01-21 07:06:53",NULL,NULL,NULL,NULL,NULL,NULL,NULL,NULL
"314","14","551",NULL,"7","2020-01-21 07:06:53",NULL,NULL,NULL,NULL,NULL,NULL,NULL,NULL
"315","14","552",NULL,"8","2020-01-21 07:06:53",NULL,NULL,NULL,NULL,NULL,NULL,NULL,NULL
"316","14","553",NULL,"9","2020-01-21 07:06:53",NULL,NULL,NULL,NULL,NULL,NULL,NULL,NULL
"317","15","554",NULL,"1","2020-01-21 07:06:53",NULL,NULL,NULL,NULL,NULL,NULL,NULL,NULL
"318","15","555",NULL,"2","2020-01-21 07:06:53",NULL,NULL,NULL,NULL,NULL,NULL,NULL,NULL
"319","15","556",NULL,"3","2020-01-21 07:06:53",NULL,NULL,NULL,NULL,NULL,NULL,NULL,NULL
"320","15","557",NULL,"4","2020-01-21 07:06:53",NULL,NULL,NULL,NULL,NULL,NULL,NULL,NULL
"321","15","558",NULL,"5","2020-01-21 07:06:53",NULL,NULL,NULL,NULL,NULL,NULL,NULL,NULL
"322","15","559",NULL,"6","2020-01-21 07:06:53",NULL,NULL,NULL,NULL,NULL,NULL,NULL,NULL
"323","15","560",NULL,"7","2020-01-21 07:06:53",NULL,NULL,NULL,NULL,NULL,NULL,NULL,NULL
"324","15","561",NULL,"8","2020-01-21 07:06:53",NULL,NULL,NULL,NULL,NULL,NULL,NULL,NULL
"325","16","602",NULL,"1","2020-01-21 07:06:53",NULL,NULL,NULL,NULL,NULL,NULL,NULL,NULL
"326","16","603",NULL,"2","2020-01-21 07:06:53",NULL,NULL,NULL,NULL,NULL,NULL,NULL,NULL
"327","16","604",NULL,"3","2020-01-21 07:06:53",NULL,NULL,NULL,NULL,NULL,NULL,NULL,NULL
"328","16","605",NULL,"4","2020-01-21 07:06:53",NULL,NULL,NULL,NULL,NULL,NULL,NULL,NULL
"329","16","606",NULL,"5","2020-01-21 07:06:53",NULL,NULL,NULL,NULL,NULL,NULL,NULL,NULL
"330","16","607",NULL,"6","2020-01-21 07:06:53",NULL,NULL,NULL,NULL,NULL,NULL,NULL,NULL
"331","16","608",NULL,"7","2020-01-21 07:06:53",NULL,NULL,NULL,NULL,NULL,NULL,NULL,NULL
"332","16","609",NULL,"8","2020-01-21 07:06:53",NULL,NULL,NULL,NULL,NULL,NULL,NULL,NULL
"333","16","610",NULL,"9","2020-01-21 07:06:53",NULL,NULL,NULL,NULL,NULL,NULL,NULL,NULL
"334","16","611",NULL,"10","2020-01-21 07:06:53",NULL,NULL,NULL,NULL,NULL,NULL,NULL,NULL
"335","16","612",NULL,"11","2020-01-21 07:06:53",NULL,NULL,NULL,NULL,NULL,NULL,NULL,NULL
"336","16","613",NULL,"12","2020-01-21 07:06:53",NULL,NULL,NULL,NULL,NULL,NULL,NULL,NULL
"337","16","614",NULL,"13","2020-01-21 07:06:53",NULL,NULL,NULL,NULL,NULL,NULL,NULL,NULL
"338","16","615",NULL,"14","2020-01-21 07:06:53",NULL,NULL,NULL,NULL,NULL,NULL,NULL,NULL
"339","16","616",NULL,"15","2020-01-21 07:06:53",NULL,NULL,NULL,NULL,NULL,NULL,NULL,NULL
"340","16","617",NULL,"16","2020-01-21 07:06:53",NULL,NULL,NULL,NULL,NULL,NULL,NULL,NULL
"341","16","618",NULL,"17","2020-01-21 07:06:53",NULL,NULL,NULL,NULL,NULL,NULL,NULL,NULL
"342","16","619",NULL,"18","2020-01-21 07:06:53",NULL,NULL,NULL,NULL,NULL,NULL,NULL,NULL
"343","16","620",NULL,"19","2020-01-21 07:06:53",NULL,NULL,NULL,NULL,NULL,NULL,NULL,NULL
"344","16","621",NULL,"20","2020-01-21 07:06:53",NULL,NULL,NULL,NULL,NULL,NULL,NULL,NULL
"345","16","662",NULL,"21","2020-01-21 07:06:53",NULL,NULL,NULL,NULL,NULL,NULL,NULL,NULL
"346","16","663",NULL,"22","2020-01-21 07:06:53",NULL,NULL,NULL,NULL,NULL,NULL,NULL,NULL
"347","17","664",NULL,"1","2020-01-21 07:06:53",NULL,NULL,NULL,NULL,NULL,NULL,NULL,NULL
"348","17","665",NULL,"2","2020-01-21 07:06:53",NULL,NULL,NULL,NULL,NULL,NULL,NULL,NULL
"349","17","666",NULL,"3","2020-01-21 07:06:53",NULL,NULL,NULL,NULL,NULL,NULL,NULL,NULL
"350","17","667",NULL,"4","2020-01-21 07:06:53",NULL,NULL,NULL,NULL,NULL,NULL,NULL,NULL
"351","17","668",NULL,"5","2020-01-21 07:06:53",NULL,NULL,NULL,NULL,NULL,NULL,NULL,NULL
"352","17","669",NULL,"6","2020-01-21 07:06:53",NULL,NULL,NULL,NULL,NULL,NULL,NULL,NULL
"353","17","670",NULL,"7","2020-01-21 07:06:53",NULL,NULL,NULL,NULL,NULL,NULL,NULL,NULL
"354","17","671",NULL,"8","2020-01-21 07:06:53",NULL,NULL,NULL,NULL,NULL,NULL,NULL,NULL
"355","17","672",NULL,"9","2020-01-21 07:06:53",NULL,NULL,NULL,NULL,NULL,NULL,NULL,NULL
"356","17","673",NULL,"10","2020-01-21 07:06:53",NULL,NULL,NULL,NULL,NULL,NULL,NULL,NULL
"357","17","674",NULL,"11","2020-01-21 07:06:53",NULL,NULL,NULL,NULL,NULL,NULL,NULL,NULL
"358","17","675",NULL,"12","2020-01-21 07:06:53",NULL,NULL,NULL,NULL,NULL,NULL,NULL,NULL
"359","17","676",NULL,"13","2020-01-21 07:06:53",NULL,NULL,NULL,NULL,NULL,NULL,NULL,NULL
"360","17","677",NULL,"14","2020-01-21 07:06:53",NULL,NULL,NULL,NULL,NULL,NULL,NULL,NULL
"361","17","678",NULL,"15","2020-01-21 07:06:53",NULL,NULL,NULL,NULL,NULL,NULL,NULL,NULL
"362","17","679",NULL,"16","2020-01-21 07:06:53",NULL,NULL,NULL,NULL,NULL,NULL,NULL,NULL
"363","17","680",NULL,"17","2020-01-21 07:06:53",NULL,NULL,NULL,NULL,NULL,NULL,NULL,NULL
"364","17","681",NULL,"18","2020-01-21 07:06:53",NULL,NULL,NULL,NULL,NULL,NULL,NULL,NULL
"365","17","722",NULL,"19","2020-01-21 07:06:53",NULL,NULL,NULL,NULL,NULL,NULL,NULL,NULL
"366","17","723",NULL,"20","2020-01-21 07:06:53",NULL,NULL,NULL,NULL,NULL,NULL,NULL,NULL
"367","18","724",NULL,"1","2020-01-21 07:06:53",NULL,NULL,NULL,NULL,NULL,NULL,NULL,NULL
"368","18","725",NULL,"2","2020-01-21 07:06:53",NULL,NULL,NULL,NULL,NULL,NULL,NULL,NULL
"369","18","726",NULL,"3","2020-01-21 07:06:53",NULL,NULL,NULL,NULL,NULL,NULL,NULL,NULL
"370","18","727",NULL,"4","2020-01-21 07:06:53",NULL,NULL,NULL,NULL,NULL,NULL,NULL,NULL
"371","18","728",NULL,"5","2020-01-21 07:06:53",NULL,NULL,NULL,NULL,NULL,NULL,NULL,NULL
"372","18","729",NULL,"6","2020-01-21 07:06:53",NULL,NULL,NULL,NULL,NULL,NULL,NULL,NULL
"373","18","730",NULL,"7","2020-01-21 07:06:53",NULL,NULL,NULL,NULL,NULL,NULL,NULL,NULL
"374","18","731",NULL,"8","2020-01-21 07:06:53",NULL,NULL,NULL,NULL,NULL,NULL,NULL,NULL
"375","18","732",NULL,"9","2020-01-21 07:06:53",NULL,NULL,NULL,NULL,NULL,NULL,NULL,NULL
"376","18","733",NULL,"10","2020-01-21 07:06:53",NULL,NULL,NULL,NULL,NULL,NULL,NULL,NULL
"377","18","734",NULL,"11","2020-01-21 07:06:53",NULL,NULL,NULL,NULL,NULL,NULL,NULL,NULL
"378","18","735",NULL,"12","2020-01-21 07:06:53",NULL,NULL,NULL,NULL,NULL,NULL,NULL,NULL
"379","18","736",NULL,"13","2020-01-21 07:06:53",NULL,NULL,NULL,NULL,NULL,NULL,NULL,NULL
"380","18","737",NULL,"14","2020-01-21 07:06:53",NULL,NULL,NULL,NULL,NULL,NULL,NULL,NULL
"381","18","738",NULL,"15","2020-01-21 07:06:53",NULL,NULL,NULL,NULL,NULL,NULL,NULL,NULL
"382","18","739",NULL,"16","2020-01-21 07:06:53",NULL,NULL,NULL,NULL,NULL,NULL,NULL,NULL
"383","18","740",NULL,"17","2020-01-21 07:06:53",NULL,NULL,NULL,NULL,NULL,NULL,NULL,NULL
"384","18","741",NULL,"18","2020-01-21 07:06:53",NULL,NULL,NULL,NULL,NULL,NULL,NULL,NULL
"385","18","782",NULL,"19","2020-01-21 07:06:53",NULL,NULL,NULL,NULL,NULL,NULL,NULL,NULL
"386","18","783",NULL,"20","2020-01-21 07:06:53",NULL,NULL,NULL,NULL,NULL,NULL,NULL,NULL
"387","19","784",NULL,"1","2020-01-21 07:06:54",NULL,NULL,NULL,NULL,NULL,NULL,NULL,NULL
"388","19","785",NULL,"2","2020-01-21 07:06:54",NULL,NULL,NULL,NULL,NULL,NULL,NULL,NULL
"389","19","786",NULL,"3","2020-01-21 07:06:54",NULL,NULL,NULL,NULL,NULL,NULL,NULL,NULL
"390","19","787",NULL,"4","2020-01-21 07:06:54",NULL,NULL,NULL,NULL,NULL,NULL,NULL,NULL
"391","19","788",NULL,"5","2020-01-21 07:06:54",NULL,NULL,NULL,NULL,NULL,NULL,NULL,NULL
"392","19","789",NULL,"6","2020-01-21 07:06:54",NULL,NULL,NULL,NULL,NULL,NULL,NULL,NULL
"393","19","790",NULL,"7","2020-01-21 07:06:54",NULL,NULL,NULL,NULL,NULL,NULL,NULL,NULL
"394","19","791",NULL,"8","2020-01-21 07:06:54",NULL,NULL,NULL,NULL,NULL,NULL,NULL,NULL
"395","19","792",NULL,"9","2020-01-21 07:06:54",NULL,NULL,NULL,NULL,NULL,NULL,NULL,NULL
"396","19","793",NULL,"10","2020-01-21 07:06:54",NULL,NULL,NULL,NULL,NULL,NULL,NULL,NULL
"397","19","794",NULL,"11","2020-01-21 07:06:54",NULL,NULL,NULL,NULL,NULL,NULL,NULL,NULL
"398","19","795",NULL,"12","2020-01-21 07:06:54",NULL,NULL,NULL,NULL,NULL,NULL,NULL,NULL
"399","19","796",NULL,"13","2020-01-21 07:06:54",NULL,NULL,NULL,NULL,NULL,NULL,NULL,NULL
"400","19","797",NULL,"14","2020-01-21 07:06:54",NULL,NULL,NULL,NULL,NULL,NULL,NULL,NULL
"401","19","798",NULL,"15","2020-01-21 07:06:54",NULL,NULL,NULL,NULL,NULL,NULL,NULL,NULL
"402","19","799",NULL,"16","2020-01-21 07:06:54",NULL,NULL,NULL,NULL,NULL,NULL,NULL,NULL
"403","19","800",NULL,"17","2020-01-21 07:06:54",NULL,NULL,NULL,NULL,NULL,NULL,NULL,NULL
"404","19","801",NULL,"18","2020-01-21 07:06:54",NULL,NULL,NULL,NULL,NULL,NULL,NULL,NULL
"405","19","842",NULL,"19","2020-01-21 07:06:54",NULL,NULL,NULL,NULL,NULL,NULL,NULL,NULL
"406","19","843",NULL,"20","2020-01-21 07:06:54",NULL,NULL,NULL,NULL,NULL,NULL,NULL,NULL
"407","19","844",NULL,"21","2020-01-21 07:06:54",NULL,NULL,NULL,NULL,NULL,NULL,NULL,NULL
"408","19","845",NULL,"22","2020-01-21 07:06:54",NULL,NULL,NULL,NULL,NULL,NULL,NULL,NULL
"409","19","846",NULL,"23","2020-01-21 07:06:54",NULL,NULL,NULL,NULL,NULL,NULL,NULL,NULL
"410","19","847",NULL,"24","2020-01-21 07:06:54",NULL,NULL,NULL,NULL,NULL,NULL,NULL,NULL
"411","19","848",NULL,"25","2020-01-21 07:06:54",NULL,NULL,NULL,NULL,NULL,NULL,NULL,NULL
"412","19","849",NULL,"26","2020-01-21 07:06:54",NULL,NULL,NULL,NULL,NULL,NULL,NULL,NULL
"413","19","850",NULL,"27","2020-01-21 07:06:54",NULL,NULL,NULL,NULL,NULL,NULL,NULL,NULL
"414","19","851",NULL,"28","2020-01-21 07:06:54",NULL,NULL,NULL,NULL,NULL,NULL,NULL,NULL
"415","19","852",NULL,"29","2020-01-21 07:06:54",NULL,NULL,NULL,NULL,NULL,NULL,NULL,NULL
"416","19","853",NULL,"30","2020-01-21 07:06:54",NULL,NULL,NULL,NULL,NULL,NULL,NULL,NULL
"417","19","854",NULL,"31","2020-01-21 07:06:54",NULL,NULL,NULL,NULL,NULL,NULL,NULL,NULL
"418","19","855",NULL,"32","2020-01-21 07:06:54",NULL,NULL,NULL,NULL,NULL,NULL,NULL,NULL
"419","19","856",NULL,"33","2020-01-21 07:06:54",NULL,NULL,NULL,NULL,NULL,NULL,NULL,NULL
"420","19","857",NULL,"34","2020-01-21 07:06:54",NULL,NULL,NULL,NULL,NULL,NULL,NULL,NULL
"421","19","858",NULL,"35","2020-01-21 07:06:54",NULL,NULL,NULL,NULL,NULL,NULL,NULL,NULL
"422","19","859",NULL,"36","2020-01-21 07:06:54",NULL,NULL,NULL,NULL,NULL,NULL,NULL,NULL
"423","19","860",NULL,"37","2020-01-21 07:06:54",NULL,NULL,NULL,NULL,NULL,NULL,NULL,NULL
"424","19","861",NULL,"38","2020-01-21 07:06:54",NULL,NULL,NULL,NULL,NULL,NULL,NULL,NULL
"425","19","862",NULL,"39","2020-01-21 07:06:54",NULL,NULL,NULL,NULL,NULL,NULL,NULL,NULL
"426","19","863",NULL,"40","2020-01-21 07:06:54",NULL,NULL,NULL,NULL,NULL,NULL,NULL,NULL
"427","19","864",NULL,"41","2020-01-21 07:06:54",NULL,NULL,NULL,NULL,NULL,NULL,NULL,NULL
"428","19","865",NULL,"42","2020-01-21 07:06:54",NULL,NULL,NULL,NULL,NULL,NULL,NULL,NULL
"429","19","866",NULL,"43","2020-01-21 07:06:54",NULL,NULL,NULL,NULL,NULL,NULL,NULL,NULL
"430","19","867",NULL,"44","2020-01-21 07:06:54",NULL,NULL,NULL,NULL,NULL,NULL,NULL,NULL
"431","19","868",NULL,"45","2020-01-21 07:06:54",NULL,NULL,NULL,NULL,NULL,NULL,NULL,NULL
"432","19","869",NULL,"46","2020-01-21 07:06:54",NULL,NULL,NULL,NULL,NULL,NULL,NULL,NULL
"433","19","870",NULL,"47","2020-01-21 07:06:54",NULL,NULL,NULL,NULL,NULL,NULL,NULL,NULL
"434","19","871",NULL,"48","2020-01-21 07:06:54",NULL,NULL,NULL,NULL,NULL,NULL,NULL,NULL
"435","20","284",NULL,"1","2020-01-21 07:06:54",NULL,NULL,NULL,NULL,NULL,NULL,NULL,NULL
"436","20","285",NULL,"2","2020-01-21 07:06:54",NULL,NULL,NULL,NULL,NULL,NULL,NULL,NULL
"437","20","286",NULL,"3","2020-01-21 07:06:54",NULL,NULL,NULL,NULL,NULL,NULL,NULL,NULL
"438","20","287",NULL,"4","2020-01-21 07:06:54",NULL,NULL,NULL,NULL,NULL,NULL,NULL,NULL
"439","20","288",NULL,"5","2020-01-21 07:06:54",NULL,NULL,NULL,NULL,NULL,NULL,NULL,NULL
"440","20","289",NULL,"6","2020-01-21 07:06:54",NULL,NULL,NULL,NULL,NULL,NULL,NULL,NULL
"441","20","290",NULL,"7","2020-01-21 07:06:54",NULL,NULL,NULL,NULL,NULL,NULL,NULL,NULL
"442","20","291",NULL,"8","2020-01-21 07:06:54",NULL,NULL,NULL,NULL,NULL,NULL,NULL,NULL
"443","20","292",NULL,"9","2020-01-21 07:06:54",NULL,NULL,NULL,NULL,NULL,NULL,NULL,NULL
"444","20","293",NULL,"10","2020-01-21 07:06:54",NULL,NULL,NULL,NULL,NULL,NULL,NULL,NULL
"445","20","294",NULL,"11","2020-01-21 07:06:54",NULL,NULL,NULL,NULL,NULL,NULL,NULL,NULL
"446","20","295",NULL,"12","2020-01-21 07:06:54",NULL,NULL,NULL,NULL,NULL,NULL,NULL,NULL
"447","21","296",NULL,"1","2020-01-21 07:06:54",NULL,NULL,NULL,NULL,NULL,NULL,NULL,NULL
"448","21","297",NULL,"2","2020-01-21 07:06:54",NULL,NULL,NULL,NULL,NULL,NULL,NULL,NULL
"449","21","298",NULL,"3","2020-01-21 07:06:54",NULL,NULL,NULL,NULL,NULL,NULL,NULL,NULL
"450","21","299",NULL,"4","2020-01-21 07:06:54",NULL,NULL,NULL,NULL,NULL,NULL,NULL,NULL
"451","21","300",NULL,"5","2020-01-21 07:06:54",NULL,NULL,NULL,NULL,NULL,NULL,NULL,NULL
"452","21","301",NULL,"6","2020-01-21 07:06:54",NULL,NULL,NULL,NULL,NULL,NULL,NULL,NULL
"453","21","342",NULL,"7","2020-01-21 07:06:54",NULL,NULL,NULL,NULL,NULL,NULL,NULL,NULL
"454","21","343",NULL,"8","2020-01-21 07:06:54",NULL,NULL,NULL,NULL,NULL,NULL,NULL,NULL
"455","21","344",NULL,"9","2020-01-21 07:06:54",NULL,NULL,NULL,NULL,NULL,NULL,NULL,NULL
"456","21","345",NULL,"10","2020-01-21 07:06:54",NULL,NULL,NULL,NULL,NULL,NULL,NULL,NULL
"457","21","346",NULL,"11","2020-01-21 07:06:54",NULL,NULL,NULL,NULL,NULL,NULL,NULL,NULL
"458","21","347",NULL,"12","2020-01-21 07:06:54",NULL,NULL,NULL,NULL,NULL,NULL,NULL,NULL
"459","21","348",NULL,"13","2020-01-21 07:06:54",NULL,NULL,NULL,NULL,NULL,NULL,NULL,NULL
"460","22","349",NULL,"1","2020-01-21 07:06:54",NULL,NULL,NULL,NULL,NULL,NULL,NULL,NULL
"461","22","350",NULL,"2","2020-01-21 07:06:54",NULL,NULL,NULL,NULL,NULL,NULL,NULL,NULL
"462","22","351",NULL,"3","2020-01-21 07:06:54",NULL,NULL,NULL,NULL,NULL,NULL,NULL,NULL
"463","22","352",NULL,"4","2020-01-21 07:06:54",NULL,NULL,NULL,NULL,NULL,NULL,NULL,NULL
"464","23","353",NULL,"1","2020-01-21 07:06:54",NULL,NULL,NULL,NULL,NULL,NULL,NULL,NULL
"465","23","354",NULL,"2","2020-01-21 07:06:54",NULL,NULL,NULL,NULL,NULL,NULL,NULL,NULL
"466","23","355",NULL,"3","2020-01-21 07:06:54",NULL,NULL,NULL,NULL,NULL,NULL,NULL,NULL
"467","23","356",NULL,"4","2020-01-21 07:06:54",NULL,NULL,NULL,NULL,NULL,NULL,NULL,NULL
"468","23","357",NULL,"5","2020-01-21 07:06:54",NULL,NULL,NULL,NULL,NULL,NULL,NULL,NULL
"469","23","358",NULL,"6","2020-01-21 07:06:54",NULL,NULL,NULL,NULL,NULL,NULL,NULL,NULL
"470","23","359",NULL,"7","2020-01-21 07:06:54",NULL,NULL,NULL,NULL,NULL,NULL,NULL,NULL
"471","23","360",NULL,"8","2020-01-21 07:06:54",NULL,NULL,NULL,NULL,NULL,NULL,NULL,NULL
"472","23","361",NULL,"9","2020-01-21 07:06:54",NULL,NULL,NULL,NULL,NULL,NULL,NULL,NULL
"473","23","402",NULL,"10","2020-01-21 07:06:54",NULL,NULL,NULL,NULL,NULL,NULL,NULL,NULL
"474","23","403",NULL,"11","2020-01-21 07:06:54",NULL,NULL,NULL,NULL,NULL,NULL,NULL,NULL
"475","24","404",NULL,"1","2020-01-21 07:06:54",NULL,NULL,NULL,NULL,NULL,NULL,NULL,NULL
"476","24","405",NULL,"2","2020-01-21 07:06:54",NULL,NULL,NULL,NULL,NULL,NULL,NULL,NULL
"477","24","406",NULL,"3","2020-01-21 07:06:54",NULL,NULL,NULL,NULL,NULL,NULL,NULL,NULL
"478","24","407",NULL,"4","2020-01-21 07:06:54",NULL,NULL,NULL,NULL,NULL,NULL,NULL,NULL
"479","24","408",NULL,"5","2020-01-21 07:06:54",NULL,NULL,NULL,NULL,NULL,NULL,NULL,NULL
"480","24","409",NULL,"6","2020-01-21 07:06:54",NULL,NULL,NULL,NULL,NULL,NULL,NULL,NULL
"481","24","410",NULL,"7","2020-01-21 07:06:54",NULL,NULL,NULL,NULL,NULL,NULL,NULL,NULL
"482","24","411",NULL,"8","2020-01-21 07:06:54",NULL,NULL,NULL,NULL,NULL,NULL,NULL,NULL
"483","24","412",NULL,"9","2020-01-21 07:06:54",NULL,NULL,NULL,NULL,NULL,NULL,NULL,NULL
"484","24","413",NULL,"10","2020-01-21 07:06:54",NULL,NULL,NULL,NULL,NULL,NULL,NULL,NULL
"485","24","414",NULL,"11","2020-01-21 07:06:54",NULL,NULL,NULL,NULL,NULL,NULL,NULL,NULL
"486","24","415",NULL,"12","2020-01-21 07:06:54",NULL,NULL,NULL,NULL,NULL,NULL,NULL,NULL
"487","24","416",NULL,"13","2020-01-21 07:06:54",NULL,NULL,NULL,NULL,NULL,NULL,NULL,NULL
"488","24","417",NULL,"14","2020-01-21 07:06:54",NULL,NULL,NULL,NULL,NULL,NULL,NULL,NULL
"489","24","418",NULL,"15","2020-01-21 07:06:54",NULL,NULL,NULL,NULL,NULL,NULL,NULL,NULL
"490","24","419",NULL,"16","2020-01-21 07:06:54",NULL,NULL,NULL,NULL,NULL,NULL,NULL,NULL
"491","25","420",NULL,"1","2020-01-21 07:06:54",NULL,NULL,NULL,NULL,NULL,NULL,NULL,NULL
"492","25","421",NULL,"2","2020-01-21 07:06:54",NULL,NULL,NULL,NULL,NULL,NULL,NULL,NULL
"493","25","462",NULL,"3","2020-01-21 07:06:54",NULL,NULL,NULL,NULL,NULL,NULL,NULL,NULL
"494","25","463",NULL,"4","2020-01-21 07:06:54",NULL,NULL,NULL,NULL,NULL,NULL,NULL,NULL
"495","25","464",NULL,"5","2020-01-21 07:06:54",NULL,NULL,NULL,NULL,NULL,NULL,NULL,NULL
"496","25","465",NULL,"6","2020-01-21 07:06:54",NULL,NULL,NULL,NULL,NULL,NULL,NULL,NULL
"497","25","466",NULL,"7","2020-01-21 07:06:54",NULL,NULL,NULL,NULL,NULL,NULL,NULL,NULL
"498","25","467",NULL,"8","2020-01-21 07:06:54",NULL,NULL,NULL,NULL,NULL,NULL,NULL,NULL
"499","25","468",NULL,"9","2020-01-21 07:06:54",NULL,NULL,NULL,NULL,NULL,NULL,NULL,NULL
"500","26","469",NULL,"1","2020-01-21 07:06:54",NULL,NULL,NULL,NULL,NULL,NULL,NULL,NULL
"501","26","470",NULL,"2","2020-01-21 07:06:54",NULL,NULL,NULL,NULL,NULL,NULL,NULL,NULL
"502","26","471",NULL,"3","2020-01-21 07:06:54",NULL,NULL,NULL,NULL,NULL,NULL,NULL,NULL
"503","26","472",NULL,"4","2020-01-21 07:06:54",NULL,NULL,NULL,NULL,NULL,NULL,NULL,NULL
"504","26","473",NULL,"5","2020-01-21 07:06:54",NULL,NULL,NULL,NULL,NULL,NULL,NULL,NULL
"505","26","474",NULL,"6","2020-01-21 07:06:54",NULL,NULL,NULL,NULL,NULL,NULL,NULL,NULL
"506","26","475",NULL,"7","2020-01-21 07:06:54",NULL,NULL,NULL,NULL,NULL,NULL,NULL,NULL
"507","26","476",NULL,"8","2020-01-21 07:06:54",NULL,NULL,NULL,NULL,NULL,NULL,NULL,NULL
"508","26","477",NULL,"9","2020-01-21 07:06:54",NULL,NULL,NULL,NULL,NULL,NULL,NULL,NULL
"509","26","478",NULL,"10","2020-01-21 07:06:54",NULL,NULL,NULL,NULL,NULL,NULL,NULL,NULL
"510","26","479",NULL,"11","2020-01-21 07:06:54",NULL,NULL,NULL,NULL,NULL,NULL,NULL,NULL
"511","26","480",NULL,"12","2020-01-21 07:06:54",NULL,NULL,NULL,NULL,NULL,NULL,NULL,NULL
"512","26","481",NULL,"13","2020-01-21 07:06:54",NULL,NULL,NULL,NULL,NULL,NULL,NULL,NULL
"513","26","522",NULL,"14","2020-01-21 07:06:54",NULL,NULL,NULL,NULL,NULL,NULL,NULL,NULL
"514","26","523",NULL,"15","2020-01-21 07:06:54",NULL,NULL,NULL,NULL,NULL,NULL,NULL,NULL
"515","26","524",NULL,"16","2020-01-21 07:06:54",NULL,NULL,NULL,NULL,NULL,NULL,NULL,NULL
"516","26","525",NULL,"17","2020-01-21 07:06:54",NULL,NULL,NULL,NULL,NULL,NULL,NULL,NULL
"517","26","526",NULL,"18","2020-01-21 07:06:54",NULL,NULL,NULL,NULL,NULL,NULL,NULL,NULL
"518","26","527",NULL,"19","2020-01-21 07:06:54",NULL,NULL,NULL,NULL,NULL,NULL,NULL,NULL
"519","26","528",NULL,"20","2020-01-21 07:06:54",NULL,NULL,NULL,NULL,NULL,NULL,NULL,NULL
"520","27","529",NULL,"1","2020-01-21 07:06:54",NULL,NULL,NULL,NULL,NULL,NULL,NULL,NULL
"521","27","530",NULL,"2","2020-01-21 07:06:54",NULL,NULL,NULL,NULL,NULL,NULL,NULL,NULL
"522","27","531",NULL,"3","2020-01-21 07:06:54",NULL,NULL,NULL,NULL,NULL,NULL,NULL,NULL
"523","27","532",NULL,"4","2020-01-21 07:06:54",NULL,NULL,NULL,NULL,NULL,NULL,NULL,NULL
"524","27","533",NULL,"5","2020-01-21 07:06:54",NULL,NULL,NULL,NULL,NULL,NULL,NULL,NULL
"525","27","534",NULL,"6","2020-01-21 07:06:54",NULL,NULL,NULL,NULL,NULL,NULL,NULL,NULL
"526","27","535",NULL,"7","2020-01-21 07:06:54",NULL,NULL,NULL,NULL,NULL,NULL,NULL,NULL
"527","27","536",NULL,"8","2020-01-21 07:06:54",NULL,NULL,NULL,NULL,NULL,NULL,NULL,NULL
"528","27","537",NULL,"9","2020-01-21 07:06:54",NULL,NULL,NULL,NULL,NULL,NULL,NULL,NULL
"529","27","538",NULL,"10","2020-01-21 07:06:54",NULL,NULL,NULL,NULL,NULL,NULL,NULL,NULL
"530","27","539",NULL,"11","2020-01-21 07:06:54",NULL,NULL,NULL,NULL,NULL,NULL,NULL,NULL
"531","28","540",NULL,"1","2020-01-21 07:06:54",NULL,NULL,NULL,NULL,NULL,NULL,NULL,NULL
"532","28","541",NULL,"2","2020-01-21 07:06:54",NULL,NULL,NULL,NULL,NULL,NULL,NULL,NULL
"533","28","582",NULL,"3","2020-01-21 07:06:54",NULL,NULL,NULL,NULL,NULL,NULL,NULL,NULL
"534","28","583",NULL,"4","2020-01-21 07:06:54",NULL,NULL,NULL,NULL,NULL,NULL,NULL,NULL
"535","28","584",NULL,"5","2020-01-21 07:06:54",NULL,NULL,NULL,NULL,NULL,NULL,NULL,NULL
"536","28","585",NULL,"6","2020-01-21 07:06:54",NULL,NULL,NULL,NULL,NULL,NULL,NULL,NULL
"537","28","586",NULL,"7","2020-01-21 07:06:54",NULL,NULL,NULL,NULL,NULL,NULL,NULL,NULL
"538","28","587",NULL,"8","2020-01-21 07:06:54",NULL,NULL,NULL,NULL,NULL,NULL,NULL,NULL
"539","28","588",NULL,"9","2020-01-21 07:06:54",NULL,NULL,NULL,NULL,NULL,NULL,NULL,NULL
"540","28","589",NULL,"10","2020-01-21 07:06:54",NULL,NULL,NULL,NULL,NULL,NULL,NULL,NULL
"541","28","590",NULL,"11","2020-01-21 07:06:54",NULL,NULL,NULL,NULL,NULL,NULL,NULL,NULL
"542","28","591",NULL,"12","2020-01-21 07:06:54",NULL,NULL,NULL,NULL,NULL,NULL,NULL,NULL
"543","28","592",NULL,"13","2020-01-21 07:06:54",NULL,NULL,NULL,NULL,NULL,NULL,NULL,NULL
"544","28","593",NULL,"14","2020-01-21 07:06:54",NULL,NULL,NULL,NULL,NULL,NULL,NULL,NULL
"545","29","594",NULL,"1","2020-01-21 07:06:54",NULL,NULL,NULL,NULL,NULL,NULL,NULL,NULL
"546","29","595",NULL,"2","2020-01-21 07:06:54",NULL,NULL,NULL,NULL,NULL,NULL,NULL,NULL
"547","29","596",NULL,"3","2020-01-21 07:06:54",NULL,NULL,NULL,NULL,NULL,NULL,NULL,NULL
"548","29","597",NULL,"4","2020-01-21 07:06:54",NULL,NULL,NULL,NULL,NULL,NULL,NULL,NULL
"549","29","598",NULL,"5","2020-01-21 07:06:54",NULL,NULL,NULL,NULL,NULL,NULL,NULL,NULL
"550","29","599",NULL,"6","2020-01-21 07:06:54",NULL,NULL,NULL,NULL,NULL,NULL,NULL,NULL
"551","29","600",NULL,"7","2020-01-21 07:06:54",NULL,NULL,NULL,NULL,NULL,NULL,NULL,NULL
"552","29","601",NULL,"8","2020-01-21 07:06:54",NULL,NULL,NULL,NULL,NULL,NULL,NULL,NULL
"553","29","642",NULL,"9","2020-01-21 07:06:54",NULL,NULL,NULL,NULL,NULL,NULL,NULL,NULL
"554","29","643",NULL,"10","2020-01-21 07:06:54",NULL,NULL,NULL,NULL,NULL,NULL,NULL,NULL
"555","29","644",NULL,"11","2020-01-21 07:06:54",NULL,NULL,NULL,NULL,NULL,NULL,NULL,NULL
"556","29","645",NULL,"12","2020-01-21 07:06:54",NULL,NULL,NULL,NULL,NULL,NULL,NULL,NULL
"557","29","646",NULL,"13","2020-01-21 07:06:54",NULL,NULL,NULL,NULL,NULL,NULL,NULL,NULL
"558","29","647",NULL,"14","2020-01-21 07:06:54",NULL,NULL,NULL,NULL,NULL,NULL,NULL,NULL
"559","29","648",NULL,"15","2020-01-21 07:06:54",NULL,NULL,NULL,NULL,NULL,NULL,NULL,NULL
"560","29","649",NULL,"16","2020-01-21 07:06:54",NULL,NULL,NULL,NULL,NULL,NULL,NULL,NULL
"561","29","650",NULL,"17","2020-01-21 07:06:54",NULL,NULL,NULL,NULL,NULL,NULL,NULL,NULL
"562","29","651",NULL,"18","2020-01-21 07:06:54",NULL,NULL,NULL,NULL,NULL,NULL,NULL,NULL
"563","29","652",NULL,"19","2020-01-21 07:06:54",NULL,NULL,NULL,NULL,NULL,NULL,NULL,NULL
"564","29","653",NULL,"20","2020-01-21 07:06:54",NULL,NULL,NULL,NULL,NULL,NULL,NULL,NULL
"565","29","654",NULL,"21","2020-01-21 07:06:54",NULL,NULL,NULL,NULL,NULL,NULL,NULL,NULL
"566","29","655",NULL,"22","2020-01-21 07:06:54",NULL,NULL,NULL,NULL,NULL,NULL,NULL,NULL
"567","29","656",NULL,"23","2020-01-21 07:06:54",NULL,NULL,NULL,NULL,NULL,NULL,NULL,NULL
"568","29","657",NULL,"24","2020-01-21 07:06:54",NULL,NULL,NULL,NULL,NULL,NULL,NULL,NULL
"569","29","658",NULL,"25","2020-01-21 07:06:54",NULL,NULL,NULL,NULL,NULL,NULL,NULL,NULL
"570","29","659",NULL,"26","2020-01-21 07:06:54",NULL,NULL,NULL,NULL,NULL,NULL,NULL,NULL
"571","29","660",NULL,"27","2020-01-21 07:06:54",NULL,NULL,NULL,NULL,NULL,NULL,NULL,NULL
"572","29","661",NULL,"28","2020-01-21 07:06:54",NULL,NULL,NULL,NULL,NULL,NULL,NULL,NULL
"573","29","702",NULL,"29","2020-01-21 07:06:54",NULL,NULL,NULL,NULL,NULL,NULL,NULL,NULL
"574","29","703",NULL,"30","2020-01-21 07:06:54",NULL,NULL,NULL,NULL,NULL,NULL,NULL,NULL
"575","29","704",NULL,"31","2020-01-21 07:06:54",NULL,NULL,NULL,NULL,NULL,NULL,NULL,NULL
"576","29","705",NULL,"32","2020-01-21 07:06:54",NULL,NULL,NULL,NULL,NULL,NULL,NULL,NULL
"577","29","706",NULL,"33","2020-01-21 07:06:54",NULL,NULL,NULL,NULL,NULL,NULL,NULL,NULL
"578","29","707",NULL,"34","2020-01-21 07:06:54",NULL,NULL,NULL,NULL,NULL,NULL,NULL,NULL
"579","29","708",NULL,"35","2020-01-21 07:06:54",NULL,NULL,NULL,NULL,NULL,NULL,NULL,NULL
"580","29","709",NULL,"36","2020-01-21 07:06:54",NULL,NULL,NULL,NULL,NULL,NULL,NULL,NULL
"581","29","710",NULL,"37","2020-01-21 07:06:54",NULL,NULL,NULL,NULL,NULL,NULL,NULL,NULL
"582","29","711",NULL,"38","2020-01-21 07:06:54",NULL,NULL,NULL,NULL,NULL,NULL,NULL,NULL
"583","29","712",NULL,"39","2020-01-21 07:06:54",NULL,NULL,NULL,NULL,NULL,NULL,NULL,NULL
"584","29","713",NULL,"40","2020-01-21 07:06:54",NULL,NULL,NULL,NULL,NULL,NULL,NULL,NULL
"585","29","714",NULL,"41","2020-01-21 07:06:54",NULL,NULL,NULL,NULL,NULL,NULL,NULL,NULL
"586","29","715",NULL,"42","2020-01-21 07:06:54",NULL,NULL,NULL,NULL,NULL,NULL,NULL,NULL
"587","29","716",NULL,"43","2020-01-21 07:06:54",NULL,NULL,NULL,NULL,NULL,NULL,NULL,NULL
"588","29","717",NULL,"44","2020-01-21 07:06:54",NULL,NULL,NULL,NULL,NULL,NULL,NULL,NULL
"589","29","718",NULL,"45","2020-01-21 07:06:54",NULL,NULL,NULL,NULL,NULL,NULL,NULL,NULL
"590","29","719",NULL,"46","2020-01-21 07:06:54",NULL,NULL,NULL,NULL,NULL,NULL,NULL,NULL
"591","29","720",NULL,"47","2020-01-21 07:06:54",NULL,NULL,NULL,NULL,NULL,NULL,NULL,NULL
"592","29","721",NULL,"48","2020-01-21 07:06:54",NULL,NULL,NULL,NULL,NULL,NULL,NULL,NULL
"593","29","762",NULL,"49","2020-01-21 07:06:54",NULL,NULL,NULL,NULL,NULL,NULL,NULL,NULL
"594","29","763",NULL,"50","2020-01-21 07:06:54",NULL,NULL,NULL,NULL,NULL,NULL,NULL,NULL
"595","30","764",NULL,"1","2020-01-21 07:06:54",NULL,NULL,NULL,NULL,NULL,NULL,NULL,NULL
"596","30","765",NULL,"2","2020-01-21 07:06:54",NULL,NULL,NULL,NULL,NULL,NULL,NULL,NULL
"597","30","766",NULL,"3","2020-01-21 07:06:54",NULL,NULL,NULL,NULL,NULL,NULL,NULL,NULL
"598","30","767",NULL,"4","2020-01-21 07:06:54",NULL,NULL,NULL,NULL,NULL,NULL,NULL,NULL
"599","30","768",NULL,"5","2020-01-21 07:06:54",NULL,NULL,NULL,NULL,NULL,NULL,NULL,NULL
"600","30","769",NULL,"6","2020-01-21 07:06:54",NULL,NULL,NULL,NULL,NULL,NULL,NULL,NULL
"601","30","770",NULL,"7","2020-01-21 07:06:54",NULL,NULL,NULL,NULL,NULL,NULL,NULL,NULL
"602","30","771",NULL,"8","2020-01-21 07:06:54",NULL,NULL,NULL,NULL,NULL,NULL,NULL,NULL
"603","30","772",NULL,"9","2020-01-21 07:06:54",NULL,NULL,NULL,NULL,NULL,NULL,NULL,NULL
"604","30","773",NULL,"10","2020-01-21 07:06:54",NULL,NULL,NULL,NULL,NULL,NULL,NULL,NULL
"605","30","774",NULL,"11","2020-01-21 07:06:54",NULL,NULL,NULL,NULL,NULL,NULL,NULL,NULL
"606","30","775",NULL,"12","2020-01-21 07:06:54",NULL,NULL,NULL,NULL,NULL,NULL,NULL,NULL
"607","30","776",NULL,"13","2020-01-21 07:06:54",NULL,NULL,NULL,NULL,NULL,NULL,NULL,NULL
"608","30","777",NULL,"14","2020-01-21 07:06:54",NULL,NULL,NULL,NULL,NULL,NULL,NULL,NULL
"609","30","778",NULL,"15","2020-01-21 07:06:54",NULL,NULL,NULL,NULL,NULL,NULL,NULL,NULL
"610","30","779",NULL,"16","2020-01-21 07:06:54",NULL,NULL,NULL,NULL,NULL,NULL,NULL,NULL
"611","30","780",NULL,"17","2020-01-21 07:06:54",NULL,NULL,NULL,NULL,NULL,NULL,NULL,NULL
"612","30","781",NULL,"18","2020-01-21 07:06:54",NULL,NULL,NULL,NULL,NULL,NULL,NULL,NULL
"613","30","822",NULL,"19","2020-01-21 07:06:54",NULL,NULL,NULL,NULL,NULL,NULL,NULL,NULL
"614","30","823",NULL,"20","2020-01-21 07:06:54",NULL,NULL,NULL,NULL,NULL,NULL,NULL,NULL
"615","30","824",NULL,"21","2020-01-21 07:06:54",NULL,NULL,NULL,NULL,NULL,NULL,NULL,NULL
"616","30","825",NULL,"22","2020-01-21 07:06:54",NULL,NULL,NULL,NULL,NULL,NULL,NULL,NULL
"617","30","826",NULL,"23","2020-01-21 07:06:54",NULL,NULL,NULL,NULL,NULL,NULL,NULL,NULL
"618","30","827",NULL,"24","2020-01-21 07:06:54",NULL,NULL,NULL,NULL,NULL,NULL,NULL,NULL
"619","30","828",NULL,"25","2020-01-21 07:06:54",NULL,NULL,NULL,NULL,NULL,NULL,NULL,NULL
"620","30","829",NULL,"26","2020-01-21 07:06:54",NULL,NULL,NULL,NULL,NULL,NULL,NULL,NULL
"621","30","830",NULL,"27","2020-01-21 07:06:54",NULL,NULL,NULL,NULL,NULL,NULL,NULL,NULL
"622","30","831",NULL,"28","2020-01-21 07:06:54",NULL,NULL,NULL,NULL,NULL,NULL,NULL,NULL
"623","30","832",NULL,"29","2020-01-21 07:06:54",NULL,NULL,NULL,NULL,NULL,NULL,NULL,NULL
"624","30","833",NULL,"30","2020-01-21 07:06:54",NULL,NULL,NULL,NULL,NULL,NULL,NULL,NULL
"625","30","834",NULL,"31","2020-01-21 07:06:54",NULL,NULL,NULL,NULL,NULL,NULL,NULL,NULL
"626","30","835",NULL,"32","2020-01-21 07:06:54",NULL,NULL,NULL,NULL,NULL,NULL,NULL,NULL
"627","30","836",NULL,"33","2020-01-21 07:06:54",NULL,NULL,NULL,NULL,NULL,NULL,NULL,NULL
"628","30","837",NULL,"34","2020-01-21 07:06:54",NULL,NULL,NULL,NULL,NULL,NULL,NULL,NULL
"629","30","838",NULL,"35","2020-01-21 07:06:54",NULL,NULL,NULL,NULL,NULL,NULL,NULL,NULL
"630","30","839",NULL,"36","2020-01-21 07:06:54",NULL,NULL,NULL,NULL,NULL,NULL,NULL,NULL
"631","30","840",NULL,"37","2020-01-21 07:06:54",NULL,NULL,NULL,NULL,NULL,NULL,NULL,NULL
"632","30","841",NULL,"38","2020-01-21 07:06:54",NULL,NULL,NULL,NULL,NULL,NULL,NULL,NULL
"633","30","892",NULL,"39","2020-01-21 07:06:54",NULL,NULL,NULL,NULL,NULL,NULL,NULL,NULL
"634","30","893",NULL,"40","2020-01-21 07:06:54",NULL,NULL,NULL,NULL,NULL,NULL,NULL,NULL
"635","30","894",NULL,"41","2020-01-21 07:06:54",NULL,NULL,NULL,NULL,NULL,NULL,NULL,NULL
"636","30","895",NULL,"42","2020-01-21 07:06:54",NULL,NULL,NULL,NULL,NULL,NULL,NULL,NULL
"637","30","896",NULL,"43","2020-01-21 07:06:54",NULL,NULL,NULL,NULL,NULL,NULL,NULL,NULL
"638","30","897",NULL,"44","2020-01-21 07:06:54",NULL,NULL,NULL,NULL,NULL,NULL,NULL,NULL
"639","30","898",NULL,"45","2020-01-21 07:06:54",NULL,NULL,NULL,NULL,NULL,NULL,NULL,NULL
"640","30","899",NULL,"46","2020-01-21 07:06:54",NULL,NULL,NULL,NULL,NULL,NULL,NULL,NULL
"641","30","900",NULL,"47","2020-01-21 07:06:54",NULL,NULL,NULL,NULL,NULL,NULL,NULL,NULL
"642","30","901",NULL,"48","2020-01-21 07:06:54",NULL,NULL,NULL,NULL,NULL,NULL,NULL,NULL
"643","30","902",NULL,"49","2020-01-21 07:06:54",NULL,NULL,NULL,NULL,NULL,NULL,NULL,NULL
"644","30","903",NULL,"50","2020-01-21 07:06:54",NULL,NULL,NULL,NULL,NULL,NULL,NULL,NULL
"645","30","904",NULL,"51","2020-01-21 07:06:54",NULL,NULL,NULL,NULL,NULL,NULL,NULL,NULL
"646","30","905",NULL,"52","2020-01-21 07:06:54",NULL,NULL,NULL,NULL,NULL,NULL,NULL,NULL
"647","30","906",NULL,"53","2020-01-21 07:06:54",NULL,NULL,NULL,NULL,NULL,NULL,NULL,NULL
"648","30","907",NULL,"54","2020-01-21 07:06:54",NULL,NULL,NULL,NULL,NULL,NULL,NULL,NULL
"649","31","324",NULL,"1","2020-01-21 07:06:54",NULL,NULL,NULL,NULL,NULL,NULL,NULL,NULL
"650","31","325",NULL,"2","2020-01-21 07:06:54",NULL,NULL,NULL,NULL,NULL,NULL,NULL,NULL
"651","31","326",NULL,"3","2020-01-21 07:06:54",NULL,NULL,NULL,NULL,NULL,NULL,NULL,NULL
"652","31","327",NULL,"4","2020-01-21 07:06:54",NULL,NULL,NULL,NULL,NULL,NULL,NULL,NULL
"653","31","328",NULL,"5","2020-01-21 07:06:54",NULL,NULL,NULL,NULL,NULL,NULL,NULL,NULL
"654","31","329",NULL,"6","2020-01-21 07:06:54",NULL,NULL,NULL,NULL,NULL,NULL,NULL,NULL
"655","31","330",NULL,"7","2020-01-21 07:06:54",NULL,NULL,NULL,NULL,NULL,NULL,NULL,NULL
"656","31","331",NULL,"8","2020-01-21 07:06:54",NULL,NULL,NULL,NULL,NULL,NULL,NULL,NULL
"657","31","332",NULL,"9","2020-01-21 07:06:54",NULL,NULL,NULL,NULL,NULL,NULL,NULL,NULL
"658","31","333",NULL,"10","2020-01-21 07:06:54",NULL,NULL,NULL,NULL,NULL,NULL,NULL,NULL
"659","31","334",NULL,"11","2020-01-21 07:06:54",NULL,NULL,NULL,NULL,NULL,NULL,NULL,NULL
"660","31","335",NULL,"12","2020-01-21 07:06:54",NULL,NULL,NULL,NULL,NULL,NULL,NULL,NULL
"661","31","336",NULL,"13","2020-01-21 07:06:54",NULL,NULL,NULL,NULL,NULL,NULL,NULL,NULL
"662","31","337",NULL,"14","2020-01-21 07:06:54",NULL,NULL,NULL,NULL,NULL,NULL,NULL,NULL
"663","31","338",NULL,"15","2020-01-21 07:06:54",NULL,NULL,NULL,NULL,NULL,NULL,NULL,NULL
"664","31","339",NULL,"16","2020-01-21 07:06:54",NULL,NULL,NULL,NULL,NULL,NULL,NULL,NULL
"665","31","340",NULL,"17","2020-01-21 07:06:54",NULL,NULL,NULL,NULL,NULL,NULL,NULL,NULL
"666","31","341",NULL,"18","2020-01-21 07:06:54",NULL,NULL,NULL,NULL,NULL,NULL,NULL,NULL
"667","31","382",NULL,"19","2020-01-21 07:06:54",NULL,NULL,NULL,NULL,NULL,NULL,NULL,NULL
"668","31","383",NULL,"20","2020-01-21 07:06:54",NULL,NULL,NULL,NULL,NULL,NULL,NULL,NULL
"669","31","384",NULL,"21","2020-01-21 07:06:54",NULL,NULL,NULL,NULL,NULL,NULL,NULL,NULL
"670","31","385",NULL,"22","2020-01-21 07:06:54",NULL,NULL,NULL,NULL,NULL,NULL,NULL,NULL
"671","31","386",NULL,"23","2020-01-21 07:06:54",NULL,NULL,NULL,NULL,NULL,NULL,NULL,NULL
"672","32","387",NULL,"1","2020-01-21 07:06:54",NULL,NULL,NULL,NULL,NULL,NULL,NULL,NULL
"673","32","388",NULL,"2","2020-01-21 07:06:54",NULL,NULL,NULL,NULL,NULL,NULL,NULL,NULL
"674","32","389",NULL,"3","2020-01-21 07:06:54",NULL,NULL,NULL,NULL,NULL,NULL,NULL,NULL
"675","32","390",NULL,"4","2020-01-21 07:06:54",NULL,NULL,NULL,NULL,NULL,NULL,NULL,NULL
"676","32","391",NULL,"5","2020-01-21 07:06:54",NULL,NULL,NULL,NULL,NULL,NULL,NULL,NULL
"677","32","392",NULL,"6","2020-01-21 07:06:54",NULL,NULL,NULL,NULL,NULL,NULL,NULL,NULL
"678","32","393",NULL,"7","2020-01-21 07:06:54",NULL,NULL,NULL,NULL,NULL,NULL,NULL,NULL
"679","32","394",NULL,"8","2020-01-21 07:06:54",NULL,NULL,NULL,NULL,NULL,NULL,NULL,NULL
"680","32","395",NULL,"9","2020-01-21 07:06:54",NULL,NULL,NULL,NULL,NULL,NULL,NULL,NULL
"681","32","396",NULL,"10","2020-01-21 07:06:54",NULL,NULL,NULL,NULL,NULL,NULL,NULL,NULL
"682","32","397",NULL,"11","2020-01-21 07:06:54",NULL,NULL,NULL,NULL,NULL,NULL,NULL,NULL
"683","32","398",NULL,"12","2020-01-21 07:06:54",NULL,NULL,NULL,NULL,NULL,NULL,NULL,NULL
"684","32","399",NULL,"13","2020-01-21 07:06:54",NULL,NULL,NULL,NULL,NULL,NULL,NULL,NULL
"685","32","400",NULL,"14","2020-01-21 07:06:54",NULL,NULL,NULL,NULL,NULL,NULL,NULL,NULL
"686","32","401",NULL,"15","2020-01-21 07:06:54",NULL,NULL,NULL,NULL,NULL,NULL,NULL,NULL
"687","32","442",NULL,"16","2020-01-21 07:06:54",NULL,NULL,NULL,NULL,NULL,NULL,NULL,NULL
"688","32","443",NULL,"17","2020-01-21 07:06:54",NULL,NULL,NULL,NULL,NULL,NULL,NULL,NULL
"689","32","444",NULL,"18","2020-01-21 07:06:54",NULL,NULL,NULL,NULL,NULL,NULL,NULL,NULL
"690","32","445",NULL,"19","2020-01-21 07:06:54",NULL,NULL,NULL,NULL,NULL,NULL,NULL,NULL
"691","32","446",NULL,"20","2020-01-21 07:06:54",NULL,NULL,NULL,NULL,NULL,NULL,NULL,NULL
"692","32","447",NULL,"21","2020-01-21 07:06:54",NULL,NULL,NULL,NULL,NULL,NULL,NULL,NULL
"693","33","448",NULL,"1","2020-01-21 07:06:54",NULL,NULL,NULL,NULL,NULL,NULL,NULL,NULL
"694","33","449",NULL,"2","2020-01-21 07:06:54",NULL,NULL,NULL,NULL,NULL,NULL,NULL,NULL
"695","33","450",NULL,"3","2020-01-21 07:06:54",NULL,NULL,NULL,NULL,NULL,NULL,NULL,NULL
"696","33","451",NULL,"4","2020-01-21 07:06:54",NULL,NULL,NULL,NULL,NULL,NULL,NULL,NULL
"697","33","452",NULL,"5","2020-01-21 07:06:54",NULL,NULL,NULL,NULL,NULL,NULL,NULL,NULL
"698","33","453",NULL,"6","2020-01-21 07:06:54",NULL,NULL,NULL,NULL,NULL,NULL,NULL,NULL
"699","33","454",NULL,"7","2020-01-21 07:06:54",NULL,NULL,NULL,NULL,NULL,NULL,NULL,NULL
"700","33","455",NULL,"8","2020-01-21 07:06:54",NULL,NULL,NULL,NULL,NULL,NULL,NULL,NULL
"701","33","456",NULL,"9","2020-01-21 07:06:54",NULL,NULL,NULL,NULL,NULL,NULL,NULL,NULL
"702","33","457",NULL,"10","2020-01-21 07:06:54",NULL,NULL,NULL,NULL,NULL,NULL,NULL,NULL
"703","33","458",NULL,"11","2020-01-21 07:06:54",NULL,NULL,NULL,NULL,NULL,NULL,NULL,NULL
"704","33","459",NULL,"12","2020-01-21 07:06:54",NULL,NULL,NULL,NULL,NULL,NULL,NULL,NULL
"705","33","460",NULL,"13","2020-01-21 07:06:54",NULL,NULL,NULL,NULL,NULL,NULL,NULL,NULL
"706","33","461",NULL,"14","2020-01-21 07:06:54",NULL,NULL,NULL,NULL,NULL,NULL,NULL,NULL
"707","33","502",NULL,"15","2020-01-21 07:06:54",NULL,NULL,NULL,NULL,NULL,NULL,NULL,NULL
"708","33","503",NULL,"16","2020-01-21 07:06:54",NULL,NULL,NULL,NULL,NULL,NULL,NULL,NULL
"709","33","504",NULL,"17","2020-01-21 07:06:54",NULL,NULL,NULL,NULL,NULL,NULL,NULL,NULL
"710","33","505",NULL,"18","2020-01-21 07:06:54",NULL,NULL,NULL,NULL,NULL,NULL,NULL,NULL
"711","34","506",NULL,"1","2020-01-21 07:06:54",NULL,NULL,NULL,NULL,NULL,NULL,NULL,NULL
"712","34","507",NULL,"2","2020-01-21 07:06:54",NULL,NULL,NULL,NULL,NULL,NULL,NULL,NULL
"713","34","508",NULL,"3","2020-01-21 07:06:54",NULL,NULL,NULL,NULL,NULL,NULL,NULL,NULL
"714","34","509",NULL,"4","2020-01-21 07:06:54",NULL,NULL,NULL,NULL,NULL,NULL,NULL,NULL
"715","34","510",NULL,"5","2020-01-21 07:06:54",NULL,NULL,NULL,NULL,NULL,NULL,NULL,NULL
"716","34","511",NULL,"6","2020-01-21 07:06:54",NULL,NULL,NULL,NULL,NULL,NULL,NULL,NULL
"717","34","512",NULL,"7","2020-01-21 07:06:54",NULL,NULL,NULL,NULL,NULL,NULL,NULL,NULL
"718","34","513",NULL,"8","2020-01-21 07:06:54",NULL,NULL,NULL,NULL,NULL,NULL,NULL,NULL
"719","34","514",NULL,"9","2020-01-21 07:06:54",NULL,NULL,NULL,NULL,NULL,NULL,NULL,NULL
"720","34","515",NULL,"10","2020-01-21 07:06:54",NULL,NULL,NULL,NULL,NULL,NULL,NULL,NULL
"721","34","516",NULL,"11","2020-01-21 07:06:54",NULL,NULL,NULL,NULL,NULL,NULL,NULL,NULL
"722","34","517",NULL,"12","2020-01-21 07:06:54",NULL,NULL,NULL,NULL,NULL,NULL,NULL,NULL
"723","34","518",NULL,"13","2020-01-21 07:06:54",NULL,NULL,NULL,NULL,NULL,NULL,NULL,NULL
"724","34","519",NULL,"14","2020-01-21 07:06:54",NULL,NULL,NULL,NULL,NULL,NULL,NULL,NULL
"725","35","520",NULL,"1","2020-01-21 07:06:54",NULL,NULL,NULL,NULL,NULL,NULL,NULL,NULL
"726","35","521",NULL,"2","2020-01-21 07:06:54",NULL,NULL,NULL,NULL,NULL,NULL,NULL,NULL
"727","35","562",NULL,"3","2020-01-21 07:06:54",NULL,NULL,NULL,NULL,NULL,NULL,NULL,NULL
"728","35","563",NULL,"4","2020-01-21 07:06:54",NULL,NULL,NULL,NULL,NULL,NULL,NULL,NULL
"729","35","564",NULL,"5","2020-01-21 07:06:54",NULL,NULL,NULL,NULL,NULL,NULL,NULL,NULL
"730","36","565",NULL,"1","2020-01-21 07:06:54",NULL,NULL,NULL,NULL,NULL,NULL,NULL,NULL
"731","36","566",NULL,"2","2020-01-21 07:06:54",NULL,NULL,NULL,NULL,NULL,NULL,NULL,NULL
"732","36","567",NULL,"3","2020-01-21 07:06:54",NULL,NULL,NULL,NULL,NULL,NULL,NULL,NULL
"733","36","568",NULL,"4","2020-01-21 07:06:54",NULL,NULL,NULL,NULL,NULL,NULL,NULL,NULL
"734","36","569",NULL,"5","2020-01-21 07:06:54",NULL,NULL,NULL,NULL,NULL,NULL,NULL,NULL
"735","36","570",NULL,"6","2020-01-21 07:06:54",NULL,NULL,NULL,NULL,NULL,NULL,NULL,NULL
"736","36","571",NULL,"7","2020-01-21 07:06:54",NULL,NULL,NULL,NULL,NULL,NULL,NULL,NULL
"737","36","572",NULL,"8","2020-01-21 07:06:54",NULL,NULL,NULL,NULL,NULL,NULL,NULL,NULL
"738","36","573",NULL,"9","2020-01-21 07:06:54",NULL,NULL,NULL,NULL,NULL,NULL,NULL,NULL
"739","36","574",NULL,"10","2020-01-21 07:06:54",NULL,NULL,NULL,NULL,NULL,NULL,NULL,NULL
"740","36","575",NULL,"11","2020-01-21 07:06:54",NULL,NULL,NULL,NULL,NULL,NULL,NULL,NULL
"741","37","576",NULL,"1","2020-01-21 07:06:54",NULL,NULL,NULL,NULL,NULL,NULL,NULL,NULL
"742","37","577",NULL,"2","2020-01-21 07:06:54",NULL,NULL,NULL,NULL,NULL,NULL,NULL,NULL
"743","37","578",NULL,"3","2020-01-21 07:06:54",NULL,NULL,NULL,NULL,NULL,NULL,NULL,NULL
"744","37","579",NULL,"4","2020-01-21 07:06:54",NULL,NULL,NULL,NULL,NULL,NULL,NULL,NULL
"745","37","580",NULL,"5","2020-01-21 07:06:54",NULL,NULL,NULL,NULL,NULL,NULL,NULL,NULL
"746","37","581",NULL,"6","2020-01-21 07:06:54",NULL,NULL,NULL,NULL,NULL,NULL,NULL,NULL
"747","37","622",NULL,"7","2020-01-21 07:06:54",NULL,NULL,NULL,NULL,NULL,NULL,NULL,NULL
"748","37","623",NULL,"8","2020-01-21 07:06:54",NULL,NULL,NULL,NULL,NULL,NULL,NULL,NULL
"749","37","624",NULL,"9","2020-01-21 07:06:54",NULL,NULL,NULL,NULL,NULL,NULL,NULL,NULL
"750","37","625",NULL,"10","2020-01-21 07:06:54",NULL,NULL,NULL,NULL,NULL,NULL,NULL,NULL
"751","37","626",NULL,"11","2020-01-21 07:06:54",NULL,NULL,NULL,NULL,NULL,NULL,NULL,NULL
"752","37","627",NULL,"12","2020-01-21 07:06:54",NULL,NULL,NULL,NULL,NULL,NULL,NULL,NULL
"753","38","628",NULL,"1","2020-01-21 07:06:54",NULL,NULL,NULL,NULL,NULL,NULL,NULL,NULL
"754","38","629",NULL,"2","2020-01-21 07:06:54",NULL,NULL,NULL,NULL,NULL,NULL,NULL,NULL
"755","38","630",NULL,"3","2020-01-21 07:06:54",NULL,NULL,NULL,NULL,NULL,NULL,NULL,NULL
"756","38","631",NULL,"4","2020-01-21 07:06:54",NULL,NULL,NULL,NULL,NULL,NULL,NULL,NULL
"757","38","632",NULL,"5","2020-01-21 07:06:54",NULL,NULL,NULL,NULL,NULL,NULL,NULL,NULL
"758","38","633",NULL,"6","2020-01-21 07:06:54",NULL,NULL,NULL,NULL,NULL,NULL,NULL,NULL
"759","38","634",NULL,"7","2020-01-21 07:06:54",NULL,NULL,NULL,NULL,NULL,NULL,NULL,NULL
"760","38","635",NULL,"8","2020-01-21 07:06:54",NULL,NULL,NULL,NULL,NULL,NULL,NULL,NULL
"761","38","636",NULL,"9","2020-01-21 07:06:54",NULL,NULL,NULL,NULL,NULL,NULL,NULL,NULL
"762","38","637",NULL,"10","2020-01-21 07:06:54",NULL,NULL,NULL,NULL,NULL,NULL,NULL,NULL
"763","38","638",NULL,"11","2020-01-21 07:06:54",NULL,NULL,NULL,NULL,NULL,NULL,NULL,NULL
"764","38","639",NULL,"12","2020-01-21 07:06:54",NULL,NULL,NULL,NULL,NULL,NULL,NULL,NULL
"765","38","640",NULL,"13","2020-01-21 07:06:54",NULL,NULL,NULL,NULL,NULL,NULL,NULL,NULL
"766","38","641",NULL,"14","2020-01-21 07:06:54",NULL,NULL,NULL,NULL,NULL,NULL,NULL,NULL
"767","38","682",NULL,"15","2020-01-21 07:06:54",NULL,NULL,NULL,NULL,NULL,NULL,NULL,NULL
"768","38","683",NULL,"16","2020-01-21 07:06:54",NULL,NULL,NULL,NULL,NULL,NULL,NULL,NULL
"769","38","684",NULL,"17","2020-01-21 07:06:54",NULL,NULL,NULL,NULL,NULL,NULL,NULL,NULL
"770","38","685",NULL,"18","2020-01-21 07:06:54",NULL,NULL,NULL,NULL,NULL,NULL,NULL,NULL
"771","39","686",NULL,"1","2020-01-21 07:06:54",NULL,NULL,NULL,NULL,NULL,NULL,NULL,NULL
"772","39","687",NULL,"2","2020-01-21 07:06:54",NULL,NULL,NULL,NULL,NULL,NULL,NULL,NULL
"773","39","688",NULL,"3","2020-01-21 07:06:54",NULL,NULL,NULL,NULL,NULL,NULL,NULL,NULL
"774","39","689",NULL,"4","2020-01-21 07:06:54",NULL,NULL,NULL,NULL,NULL,NULL,NULL,NULL
"775","39","690",NULL,"5","2020-01-21 07:06:54",NULL,NULL,NULL,NULL,NULL,NULL,NULL,NULL
"776","39","691",NULL,"6","2020-01-21 07:06:54",NULL,NULL,NULL,NULL,NULL,NULL,NULL,NULL
"777","39","692",NULL,"7","2020-01-21 07:06:54",NULL,NULL,NULL,NULL,NULL,NULL,NULL,NULL
"778","39","693",NULL,"8","2020-01-21 07:06:54",NULL,NULL,NULL,NULL,NULL,NULL,NULL,NULL
"779","39","694",NULL,"9","2020-01-21 07:06:54",NULL,NULL,NULL,NULL,NULL,NULL,NULL,NULL
"780","39","695",NULL,"10","2020-01-21 07:06:54",NULL,NULL,NULL,NULL,NULL,NULL,NULL,NULL
"781","39","696",NULL,"11","2020-01-21 07:06:54",NULL,NULL,NULL,NULL,NULL,NULL,NULL,NULL
"782","39","697",NULL,"12","2020-01-21 07:06:54",NULL,NULL,NULL,NULL,NULL,NULL,NULL,NULL
"783","39","698",NULL,"13","2020-01-21 07:06:54",NULL,NULL,NULL,NULL,NULL,NULL,NULL,NULL
"784","40","699",NULL,"1","2020-01-21 07:06:54",NULL,NULL,NULL,NULL,NULL,NULL,NULL,NULL
"785","40","700",NULL,"2","2020-01-21 07:06:54",NULL,NULL,NULL,NULL,NULL,NULL,NULL,NULL
"786","40","701",NULL,"3","2020-01-21 07:06:54",NULL,NULL,NULL,NULL,NULL,NULL,NULL,NULL
"787","40","742",NULL,"4","2020-01-21 07:06:54",NULL,NULL,NULL,NULL,NULL,NULL,NULL,NULL
"788","40","743",NULL,"5","2020-01-21 07:06:54",NULL,NULL,NULL,NULL,NULL,NULL,NULL,NULL
"789","40","744",NULL,"6","2020-01-21 07:06:54",NULL,NULL,NULL,NULL,NULL,NULL,NULL,NULL
"790","40","745",NULL,"7","2020-01-21 07:06:54",NULL,NULL,NULL,NULL,NULL,NULL,NULL,NULL
"791","40","746",NULL,"8","2020-01-21 07:06:54",NULL,NULL,NULL,NULL,NULL,NULL,NULL,NULL
"792","40","747",NULL,"9","2020-01-21 07:06:54",NULL,NULL,NULL,NULL,NULL,NULL,NULL,NULL
"793","40","748",NULL,"10","2020-01-21 07:06:54",NULL,NULL,NULL,NULL,NULL,NULL,NULL,NULL
"794","40","749",NULL,"11","2020-01-21 07:06:54",NULL,NULL,NULL,NULL,NULL,NULL,NULL,NULL
"795","40","750",NULL,"12","2020-01-21 07:06:54",NULL,NULL,NULL,NULL,NULL,NULL,NULL,NULL
"796","40","751",NULL,"13","2020-01-21 07:06:54",NULL,NULL,NULL,NULL,NULL,NULL,NULL,NULL
"797","40","752",NULL,"14","2020-01-21 07:06:54",NULL,NULL,NULL,NULL,NULL,NULL,NULL,NULL
"798","40","753",NULL,"15","2020-01-21 07:06:54",NULL,NULL,NULL,NULL,NULL,NULL,NULL,NULL
"799","40","754",NULL,"16","2020-01-21 07:06:54",NULL,NULL,NULL,NULL,NULL,NULL,NULL,NULL
"800","40","755",NULL,"17","2020-01-21 07:06:54",NULL,NULL,NULL,NULL,NULL,NULL,NULL,NULL
"801","40","756",NULL,"18","2020-01-21 07:06:54",NULL,NULL,NULL,NULL,NULL,NULL,NULL,NULL
"802","40","757",NULL,"19","2020-01-21 07:06:54",NULL,NULL,NULL,NULL,NULL,NULL,NULL,NULL
"803","40","758",NULL,"20","2020-01-21 07:06:54",NULL,NULL,NULL,NULL,NULL,NULL,NULL,NULL
"804","40","759",NULL,"21","2020-01-21 07:06:54",NULL,NULL,NULL,NULL,NULL,NULL,NULL,NULL
"805","40","760",NULL,"22","2020-01-21 07:06:54",NULL,NULL,NULL,NULL,NULL,NULL,NULL,NULL
"806","40","761",NULL,"23","2020-01-21 07:06:54",NULL,NULL,NULL,NULL,NULL,NULL,NULL,NULL
"807","40","802",NULL,"24","2020-01-21 07:06:54",NULL,NULL,NULL,NULL,NULL,NULL,NULL,NULL
"808","40","803",NULL,"25","2020-01-21 07:06:54",NULL,NULL,NULL,NULL,NULL,NULL,NULL,NULL
"809","40","804",NULL,"26","2020-01-21 07:06:54",NULL,NULL,NULL,NULL,NULL,NULL,NULL,NULL
"810","40","805",NULL,"27","2020-01-21 07:06:54",NULL,NULL,NULL,NULL,NULL,NULL,NULL,NULL
"811","41","806",NULL,"1","2020-01-21 07:06:54",NULL,NULL,NULL,NULL,NULL,NULL,NULL,NULL
"812","41","807",NULL,"2","2020-01-21 07:06:54",NULL,NULL,NULL,NULL,NULL,NULL,NULL,NULL
"813","41","808",NULL,"3","2020-01-21 07:06:54",NULL,NULL,NULL,NULL,NULL,NULL,NULL,NULL
"814","41","809",NULL,"4","2020-01-21 07:06:54",NULL,NULL,NULL,NULL,NULL,NULL,NULL,NULL
"815","41","810",NULL,"5","2020-01-21 07:06:54",NULL,NULL,NULL,NULL,NULL,NULL,NULL,NULL
"816","41","811",NULL,"6","2020-01-21 07:06:54",NULL,NULL,NULL,NULL,NULL,NULL,NULL,NULL
"817","41","812",NULL,"7","2020-01-21 07:06:54",NULL,NULL,NULL,NULL,NULL,NULL,NULL,NULL
"818","41","813",NULL,"8","2020-01-21 07:06:54",NULL,NULL,NULL,NULL,NULL,NULL,NULL,NULL
"819","41","814",NULL,"9","2020-01-21 07:06:54",NULL,NULL,NULL,NULL,NULL,NULL,NULL,NULL
"820","41","815",NULL,"10","2020-01-21 07:06:54",NULL,NULL,NULL,NULL,NULL,NULL,NULL,NULL
"821","41","816",NULL,"11","2020-01-21 07:06:54",NULL,NULL,NULL,NULL,NULL,NULL,NULL,NULL
"822","41","817",NULL,"12","2020-01-21 07:06:54",NULL,NULL,NULL,NULL,NULL,NULL,NULL,NULL
"823","41","818",NULL,"13","2020-01-21 07:06:54",NULL,NULL,NULL,NULL,NULL,NULL,NULL,NULL
"824","41","819",NULL,"14","2020-01-21 07:06:54",NULL,NULL,NULL,NULL,NULL,NULL,NULL,NULL
"825","41","820",NULL,"15","2020-01-21 07:06:54",NULL,NULL,NULL,NULL,NULL,NULL,NULL,NULL
"826","41","821",NULL,"16","2020-01-21 07:06:54",NULL,NULL,NULL,NULL,NULL,NULL,NULL,NULL
"827","41","872",NULL,"17","2020-01-21 07:06:54",NULL,NULL,NULL,NULL,NULL,NULL,NULL,NULL
"828","41","873",NULL,"18","2020-01-21 07:06:54",NULL,NULL,NULL,NULL,NULL,NULL,NULL,NULL
"829","41","874",NULL,"19","2020-01-21 07:06:54",NULL,NULL,NULL,NULL,NULL,NULL,NULL,NULL
"830","41","875",NULL,"20","2020-01-21 07:06:54",NULL,NULL,NULL,NULL,NULL,NULL,NULL,NULL
"831","41","876",NULL,"21","2020-01-21 07:06:54",NULL,NULL,NULL,NULL,NULL,NULL,NULL,NULL
"832","41","877",NULL,"22","2020-01-21 07:06:54",NULL,NULL,NULL,NULL,NULL,NULL,NULL,NULL
"833","42","878",NULL,"1","2020-01-21 07:06:54",NULL,NULL,NULL,NULL,NULL,NULL,NULL,NULL
"834","42","879",NULL,"2","2020-01-21 07:06:54",NULL,NULL,NULL,NULL,NULL,NULL,NULL,NULL
"835","42","880",NULL,"3","2020-01-21 07:06:54",NULL,NULL,NULL,NULL,NULL,NULL,NULL,NULL
"836","42","881",NULL,"4","2020-01-21 07:06:54",NULL,NULL,NULL,NULL,NULL,NULL,NULL,NULL
"837","42","882",NULL,"5","2020-01-21 07:06:54",NULL,NULL,NULL,NULL,NULL,NULL,NULL,NULL
"838","42","883",NULL,"6","2020-01-21 07:06:54",NULL,NULL,NULL,NULL,NULL,NULL,NULL,NULL
"839","42","884",NULL,"7","2020-01-21 07:06:54",NULL,NULL,NULL,NULL,NULL,NULL,NULL,NULL
"840","42","885",NULL,"8","2020-01-21 07:06:54",NULL,NULL,NULL,NULL,NULL,NULL,NULL,NULL
"841","42","886",NULL,"9","2020-01-21 07:06:54",NULL,NULL,NULL,NULL,NULL,NULL,NULL,NULL
"842","43","887",NULL,"1","2020-01-21 07:06:54",NULL,NULL,NULL,NULL,NULL,NULL,NULL,NULL
"843","43","888",NULL,"2","2020-01-21 07:06:54",NULL,NULL,NULL,NULL,NULL,NULL,NULL,NULL
"844","43","889",NULL,"3","2020-01-21 07:06:54",NULL,NULL,NULL,NULL,NULL,NULL,NULL,NULL
"845","43","890",NULL,"4","2020-01-21 07:06:54",NULL,NULL,NULL,NULL,NULL,NULL,NULL,NULL
"846","43","891",NULL,"5","2020-01-21 07:06:54",NULL,NULL,NULL,NULL,NULL,NULL,NULL,NULL
"847","43","908",NULL,"6","2020-01-21 07:06:54",NULL,NULL,NULL,NULL,NULL,NULL,NULL,NULL
"848","43","909",NULL,"7","2020-01-21 07:06:54",NULL,NULL,NULL,NULL,NULL,NULL,NULL,NULL
"849","43","910",NULL,"8","2020-01-21 07:06:54",NULL,NULL,NULL,NULL,NULL,NULL,NULL,NULL
"850","43","911",NULL,"9","2020-01-21 07:06:54",NULL,NULL,NULL,NULL,NULL,NULL,NULL,NULL
"851","43","912",NULL,"10","2020-01-21 07:06:54",NULL,NULL,NULL,NULL,NULL,NULL,NULL,NULL
"852","43","913",NULL,"11","2020-01-21 07:06:54",NULL,NULL,NULL,NULL,NULL,NULL,NULL,NULL
"853","43","914",NULL,"12","2020-01-21 07:06:54",NULL,NULL,NULL,NULL,NULL,NULL,NULL,NULL
"854","43","915",NULL,"13","2020-01-21 07:06:54",NULL,NULL,NULL,NULL,NULL,NULL,NULL,NULL
"855","43","916",NULL,"14","2020-01-21 07:06:54",NULL,NULL,NULL,NULL,NULL,NULL,NULL,NULL
"856","43","917",NULL,"15","2020-01-21 07:06:54",NULL,NULL,NULL,NULL,NULL,NULL,NULL,NULL
"857","43","918",NULL,"16","2020-01-21 07:06:54",NULL,NULL,NULL,NULL,NULL,NULL,NULL,NULL
