manifest,canvas,curation
https://iiif.dl.itc.u-tokyo.ac.jp/repo/iiif/4c7f22cf-9fe1-5405-1f3a-c53b39e3a45e/manifest,https://iiif.dl.itc.u-tokyo.ac.jp/repo/iiif/4c7f22cf-9fe1-5405-1f3a-c53b39e3a45e/canvas/p7,https://mp.ex.nii.ac.jp/api/kuronet/curation/afc943b2162f402ba505d021789b4a6106798f4d
https://iiif.dl.itc.u-tokyo.ac.jp/repo/iiif/4c7f22cf-9fe1-5405-1f3a-c53b39e3a45e/manifest,https://iiif.dl.itc.u-tokyo.ac.jp/repo/iiif/4c7f22cf-9fe1-5405-1f3a-c53b39e3a45e/canvas/p6,https://mp.ex.nii.ac.jp/api/kuronet/curation/c4fc6b7d396c86c24eab8937547a1b7e1cf917a7
https://iiif.dl.itc.u-tokyo.ac.jp/repo/iiif/4c7f22cf-9fe1-5405-1f3a-c53b39e3a45e/manifest,https://iiif.dl.itc.u-tokyo.ac.jp/repo/iiif/4c7f22cf-9fe1-5405-1f3a-c53b39e3a45e/canvas/p6,https://mp.ex.nii.ac.jp/api/kuronet/curation/b80c8ade92859c09f3c7b31d6dee896647c5cbac
https://www.dl.ndl.go.jp/api/iiif/1240757/manifest.json,https://www.dl.ndl.go.jp/api/iiif/1240757/canvas/6,https://mp.ex.nii.ac.jp/api/kuronet/curation/cee9af682653930135eb43d00d9b39deac624500
https://www.dl.ndl.go.jp/api/iiif/1240757/manifest.json,https://www.dl.ndl.go.jp/api/iiif/1240757/canvas/6,https://mp.ex.nii.ac.jp/api/kuronet/curation/84514c7c1549847d01bcf63efa624ff639190399
https://www.dl.ndl.go.jp/api/iiif/1240757/manifest.json,https://www.dl.ndl.go.jp/api/iiif/1240757/canvas/5,https://mp.ex.nii.ac.jp/api/kuronet/curation/f315e3189e8162425316b067915509864f79848c
https://www.dl.ndl.go.jp/api/iiif/1240757/manifest.json,https://www.dl.ndl.go.jp/api/iiif/1240757/canvas/5,https://mp.ex.nii.ac.jp/api/kuronet/curation/28b8a09ec36cd30e4e657ae5a6f986073b75cf4f
https://www.dl.ndl.go.jp/api/iiif/1240757/manifest.json,https://www.dl.ndl.go.jp/api/iiif/1240757/canvas/4,https://mp.ex.nii.ac.jp/api/kuronet/curation/f7178068bfff9874cbed71edcb31dc51f1f66a97
https://www.dl.ndl.go.jp/api/iiif/1240757/manifest.json,https://www.dl.ndl.go.jp/api/iiif/1240757/canvas/4,https://mp.ex.nii.ac.jp/api/kuronet/curation/172e45faf1c090d2dddf46b25166f6116d6b9eaa
https://www.dl.ndl.go.jp/api/iiif/1240757/manifest.json,https://www.dl.ndl.go.jp/api/iiif/1240757/canvas/3,https://mp.ex.nii.ac.jp/api/kuronet/curation/e3ad95b2052451832fb7fbc05b4706abc7ec55a3
https://iiif.dl.itc.u-tokyo.ac.jp/repo/iiif/4c7f22cf-9fe1-5405-1f3a-c53b39e3a45e/manifest,https://iiif.dl.itc.u-tokyo.ac.jp/repo/iiif/4c7f22cf-9fe1-5405-1f3a-c53b39e3a45e/canvas/p5,https://mp.ex.nii.ac.jp/api/kuronet/curation/f3ac817df60b324dad54e7339a0b10a5e8fdc287
https://iiif.dl.itc.u-tokyo.ac.jp/repo/iiif/4c7f22cf-9fe1-5405-1f3a-c53b39e3a45e/manifest,https://iiif.dl.itc.u-tokyo.ac.jp/repo/iiif/4c7f22cf-9fe1-5405-1f3a-c53b39e3a45e/canvas/p5,https://mp.ex.nii.ac.jp/api/kuronet/curation/8cebf8966ac92ef6662913b562f8d86b1a8430ed
https://iiif.dl.itc.u-tokyo.ac.jp/repo/iiif/4c7f22cf-9fe1-5405-1f3a-c53b39e3a45e/manifest,https://iiif.dl.itc.u-tokyo.ac.jp/repo/iiif/4c7f22cf-9fe1-5405-1f3a-c53b39e3a45e/canvas/p4,https://mp.ex.nii.ac.jp/api/kuronet/curation/b649c56d1033fad84c121a23902094ee868c837a
https://iiif.dl.itc.u-tokyo.ac.jp/repo/iiif/4c7f22cf-9fe1-5405-1f3a-c53b39e3a45e/manifest,https://iiif.dl.itc.u-tokyo.ac.jp/repo/iiif/4c7f22cf-9fe1-5405-1f3a-c53b39e3a45e/canvas/p4,https://mp.ex.nii.ac.jp/api/kuronet/curation/06a099b0b6026f790bb5bf22487c7b609aa95346
https://iiif.dl.itc.u-tokyo.ac.jp/repo/iiif/4c7f22cf-9fe1-5405-1f3a-c53b39e3a45e/manifest,https://iiif.dl.itc.u-tokyo.ac.jp/repo/iiif/4c7f22cf-9fe1-5405-1f3a-c53b39e3a45e/canvas/p3,https://mp.ex.nii.ac.jp/api/kuronet/curation/eb91845db37599af55f898503ff74e8d7a9e1c36
https://kotenseki.nijl.ac.jp/biblio/200003299/manifest,https://kotenseki.nijl.ac.jp/biblio/200003299/canvas/1,https://mp.ex.nii.ac.jp/api/kuronet/curation/15816a24f7f7db32d0554dea6a51c3d9308e8c18
https://iiif.dl.itc.u-tokyo.ac.jp/repo/iiif/fe453878-946c-4b2b-bdc8-e0ca25c6cc7a/manifest,https://iiif.dl.itc.u-tokyo.ac.jp/repo/iiif/fe453878-946c-4b2b-bdc8-e0ca25c6cc7a/canvas/p33,https://mp.ex.nii.ac.jp/api/kuronet/curation/d83b4d84b9ce0982e8bd4ea3bdc831dd82d29916
https://iiif.dl.itc.u-tokyo.ac.jp/repo/iiif/fe453878-946c-4b2b-bdc8-e0ca25c6cc7a/manifest,https://iiif.dl.itc.u-tokyo.ac.jp/repo/iiif/fe453878-946c-4b2b-bdc8-e0ca25c6cc7a/canvas/p44,https://mp.ex.nii.ac.jp/api/kuronet/curation/659d8d72d586e800a193921a4256b41e0435d014
https://iiif.dl.itc.u-tokyo.ac.jp/repo/iiif/fe453878-946c-4b2b-bdc8-e0ca25c6cc7a/manifest,https://iiif.dl.itc.u-tokyo.ac.jp/repo/iiif/fe453878-946c-4b2b-bdc8-e0ca25c6cc7a/canvas/p33,https://mp.ex.nii.ac.jp/api/kuronet/curation/02a61dbcaf13bbbd26d6e9e862aed1f161e40d8d
https://iiif.dl.itc.u-tokyo.ac.jp/repo/iiif/d230f1f8-5929-4138-bb28-1108d77fd32a/manifest,https://iiif.dl.itc.u-tokyo.ac.jp/repo/iiif/d230f1f8-5929-4138-bb28-1108d77fd32a/canvas/p3,https://mp.ex.nii.ac.jp/api/kuronet/curation/6cadd0acc1706854f1873e218559924efc40398a
http://codh.rois.ac.jp/pmjt/book/200003080/manifest.json,http://codh.rois.ac.jp/pmjt/iiif/200003080/canvas/00006,https://mp.ex.nii.ac.jp/api/kuronet/curation/91736f81734345718c3a1b4da1f1f9b87d6e2ce2
http://codh.rois.ac.jp/pmjt/book/200003080/manifest.json,http://codh.rois.ac.jp/pmjt/iiif/200003080/canvas/00006,https://mp.ex.nii.ac.jp/api/kuronet/curation/ad2b5d002b10caa20e017f46df63da38250e4f91
https://iiif.dl.itc.u-tokyo.ac.jp/repo/iiif/c1ea8e6b-9403-4394-8619-96aad0ec6329/manifest,https://iiif.dl.itc.u-tokyo.ac.jp/repo/iiif/c1ea8e6b-9403-4394-8619-96aad0ec6329/canvas/p31,https://mp.ex.nii.ac.jp/api/kuronet/curation/06869c44f1fb56b1d28957bcc4cf7d35f80b851e
https://iiif.dl.itc.u-tokyo.ac.jp/repo/iiif/c1ea8e6b-9403-4394-8619-96aad0ec6329/manifest,https://iiif.dl.itc.u-tokyo.ac.jp/repo/iiif/c1ea8e6b-9403-4394-8619-96aad0ec6329/canvas/p30,https://mp.ex.nii.ac.jp/api/kuronet/curation/3f7bb3928cb57d8fe38fbec046bc278bde43dd2d
https://iiif.dl.itc.u-tokyo.ac.jp/repo/iiif/c1ea8e6b-9403-4394-8619-96aad0ec6329/manifest,https://iiif.dl.itc.u-tokyo.ac.jp/repo/iiif/c1ea8e6b-9403-4394-8619-96aad0ec6329/canvas/p30,https://mp.ex.nii.ac.jp/api/kuronet/curation/21b2685166476473dd562664d5d6f92e6a7b870a
https://iiif.dl.itc.u-tokyo.ac.jp/repo/iiif/c1ea8e6b-9403-4394-8619-96aad0ec6329/manifest,https://iiif.dl.itc.u-tokyo.ac.jp/repo/iiif/c1ea8e6b-9403-4394-8619-96aad0ec6329/canvas/p29,https://mp.ex.nii.ac.jp/api/kuronet/curation/390ffa80342536201cb7f2cd04fc7aff073c24f1
https://iiif.dl.itc.u-tokyo.ac.jp/repo/iiif/c1ea8e6b-9403-4394-8619-96aad0ec6329/manifest,https://iiif.dl.itc.u-tokyo.ac.jp/repo/iiif/c1ea8e6b-9403-4394-8619-96aad0ec6329/canvas/p29,https://mp.ex.nii.ac.jp/api/kuronet/curation/58f41eb52fa1c5b00e0fa656b2f2bf5e695a39ca
https://iiif.dl.itc.u-tokyo.ac.jp/repo/iiif/c1ea8e6b-9403-4394-8619-96aad0ec6329/manifest,https://iiif.dl.itc.u-tokyo.ac.jp/repo/iiif/c1ea8e6b-9403-4394-8619-96aad0ec6329/canvas/p28,https://mp.ex.nii.ac.jp/api/kuronet/curation/33b91544b4bee20fa1bc045a7e0c4072218e61d5
https://iiif.dl.itc.u-tokyo.ac.jp/repo/iiif/c1ea8e6b-9403-4394-8619-96aad0ec6329/manifest,https://iiif.dl.itc.u-tokyo.ac.jp/repo/iiif/c1ea8e6b-9403-4394-8619-96aad0ec6329/canvas/p28,https://mp.ex.nii.ac.jp/api/kuronet/curation/876f2e1f5a2ac7775085b6d9994a376d3088f036
https://iiif.dl.itc.u-tokyo.ac.jp/repo/iiif/c1ea8e6b-9403-4394-8619-96aad0ec6329/manifest,https://iiif.dl.itc.u-tokyo.ac.jp/repo/iiif/c1ea8e6b-9403-4394-8619-96aad0ec6329/canvas/p27,https://mp.ex.nii.ac.jp/api/kuronet/curation/fabf236b61d52f958ab47d5235eea3470de8bac4
https://iiif.dl.itc.u-tokyo.ac.jp/repo/iiif/c1ea8e6b-9403-4394-8619-96aad0ec6329/manifest,https://iiif.dl.itc.u-tokyo.ac.jp/repo/iiif/c1ea8e6b-9403-4394-8619-96aad0ec6329/canvas/p27,https://mp.ex.nii.ac.jp/api/kuronet/curation/dba6166252e9e66f80cea656d9cd31b1e7629080
https://iiif.dl.itc.u-tokyo.ac.jp/repo/iiif/c1ea8e6b-9403-4394-8619-96aad0ec6329/manifest,https://iiif.dl.itc.u-tokyo.ac.jp/repo/iiif/c1ea8e6b-9403-4394-8619-96aad0ec6329/canvas/p26,https://mp.ex.nii.ac.jp/api/kuronet/curation/bde6723b9d42467812dbb1fa3491d65bac292b38
https://iiif.dl.itc.u-tokyo.ac.jp/repo/iiif/c1ea8e6b-9403-4394-8619-96aad0ec6329/manifest,https://iiif.dl.itc.u-tokyo.ac.jp/repo/iiif/c1ea8e6b-9403-4394-8619-96aad0ec6329/canvas/p26,https://mp.ex.nii.ac.jp/api/kuronet/curation/cd7e49cc63529005d5147428f71771007d21870d
https://iiif.dl.itc.u-tokyo.ac.jp/repo/iiif/c1ea8e6b-9403-4394-8619-96aad0ec6329/manifest,https://iiif.dl.itc.u-tokyo.ac.jp/repo/iiif/c1ea8e6b-9403-4394-8619-96aad0ec6329/canvas/p25,https://mp.ex.nii.ac.jp/api/kuronet/curation/59c1d9cef03d7e571ee7c41cd439203d063c1035
https://iiif.dl.itc.u-tokyo.ac.jp/repo/iiif/c1ea8e6b-9403-4394-8619-96aad0ec6329/manifest,https://iiif.dl.itc.u-tokyo.ac.jp/repo/iiif/c1ea8e6b-9403-4394-8619-96aad0ec6329/canvas/p25,https://mp.ex.nii.ac.jp/api/kuronet/curation/b127545071565b0e39645296be231e9f3c81604a
https://iiif.dl.itc.u-tokyo.ac.jp/repo/iiif/c1ea8e6b-9403-4394-8619-96aad0ec6329/manifest,https://iiif.dl.itc.u-tokyo.ac.jp/repo/iiif/c1ea8e6b-9403-4394-8619-96aad0ec6329/canvas/p24,https://mp.ex.nii.ac.jp/api/kuronet/curation/b0cab31b9f45720524107b299019404296a4ed07
https://iiif.dl.itc.u-tokyo.ac.jp/repo/iiif/c1ea8e6b-9403-4394-8619-96aad0ec6329/manifest,https://iiif.dl.itc.u-tokyo.ac.jp/repo/iiif/c1ea8e6b-9403-4394-8619-96aad0ec6329/canvas/p24,https://mp.ex.nii.ac.jp/api/kuronet/curation/c61b313f5123ecd9071d6308f19c1aae6e4d54a1
https://iiif.dl.itc.u-tokyo.ac.jp/repo/iiif/c1ea8e6b-9403-4394-8619-96aad0ec6329/manifest,https://iiif.dl.itc.u-tokyo.ac.jp/repo/iiif/c1ea8e6b-9403-4394-8619-96aad0ec6329/canvas/p23,https://mp.ex.nii.ac.jp/api/kuronet/curation/00a00ebda0210fac23a74d89676889d5528661f7
https://iiif.dl.itc.u-tokyo.ac.jp/repo/iiif/c1ea8e6b-9403-4394-8619-96aad0ec6329/manifest,https://iiif.dl.itc.u-tokyo.ac.jp/repo/iiif/c1ea8e6b-9403-4394-8619-96aad0ec6329/canvas/p23,https://mp.ex.nii.ac.jp/api/kuronet/curation/eaea0a1b6364a88d706beb573b6137179a709043
https://iiif.dl.itc.u-tokyo.ac.jp/repo/iiif/c1ea8e6b-9403-4394-8619-96aad0ec6329/manifest,https://iiif.dl.itc.u-tokyo.ac.jp/repo/iiif/c1ea8e6b-9403-4394-8619-96aad0ec6329/canvas/p22,https://mp.ex.nii.ac.jp/api/kuronet/curation/9ad342ac371d0d7d647f3a77aaec08c51e17ca48
https://iiif.dl.itc.u-tokyo.ac.jp/repo/iiif/c1ea8e6b-9403-4394-8619-96aad0ec6329/manifest,https://iiif.dl.itc.u-tokyo.ac.jp/repo/iiif/c1ea8e6b-9403-4394-8619-96aad0ec6329/canvas/p22,https://mp.ex.nii.ac.jp/api/kuronet/curation/a0616681672887a217e1d865ad0740cf7a2c35b0
https://iiif.dl.itc.u-tokyo.ac.jp/repo/iiif/c1ea8e6b-9403-4394-8619-96aad0ec6329/manifest,https://iiif.dl.itc.u-tokyo.ac.jp/repo/iiif/c1ea8e6b-9403-4394-8619-96aad0ec6329/canvas/p21,https://mp.ex.nii.ac.jp/api/kuronet/curation/cd12c76c13424c0585037e6b956ac2204afa60ac
https://iiif.dl.itc.u-tokyo.ac.jp/repo/iiif/c1ea8e6b-9403-4394-8619-96aad0ec6329/manifest,https://iiif.dl.itc.u-tokyo.ac.jp/repo/iiif/c1ea8e6b-9403-4394-8619-96aad0ec6329/canvas/p21,https://mp.ex.nii.ac.jp/api/kuronet/curation/2bec03590add7a521ec2088043a33bafde428ca3
https://iiif.dl.itc.u-tokyo.ac.jp/repo/iiif/c1ea8e6b-9403-4394-8619-96aad0ec6329/manifest,https://iiif.dl.itc.u-tokyo.ac.jp/repo/iiif/c1ea8e6b-9403-4394-8619-96aad0ec6329/canvas/p20,https://mp.ex.nii.ac.jp/api/kuronet/curation/ce3ddb40a11b72bb9d86621814581102f90fd8c7
https://iiif.dl.itc.u-tokyo.ac.jp/repo/iiif/c1ea8e6b-9403-4394-8619-96aad0ec6329/manifest,https://iiif.dl.itc.u-tokyo.ac.jp/repo/iiif/c1ea8e6b-9403-4394-8619-96aad0ec6329/canvas/p20,https://mp.ex.nii.ac.jp/api/kuronet/curation/1c166b7d6138cef392fadf8d4cc940e48e0f15c3
https://iiif.dl.itc.u-tokyo.ac.jp/repo/iiif/c1ea8e6b-9403-4394-8619-96aad0ec6329/manifest,https://iiif.dl.itc.u-tokyo.ac.jp/repo/iiif/c1ea8e6b-9403-4394-8619-96aad0ec6329/canvas/p19,https://mp.ex.nii.ac.jp/api/kuronet/curation/7da3faac27fbcb5da04747852313f3c7241efaaf
https://iiif.dl.itc.u-tokyo.ac.jp/repo/iiif/c1ea8e6b-9403-4394-8619-96aad0ec6329/manifest,https://iiif.dl.itc.u-tokyo.ac.jp/repo/iiif/c1ea8e6b-9403-4394-8619-96aad0ec6329/canvas/p19,https://mp.ex.nii.ac.jp/api/kuronet/curation/9931db9f1acd1caa9d730164d24457183f376521
https://iiif.dl.itc.u-tokyo.ac.jp/repo/iiif/c1ea8e6b-9403-4394-8619-96aad0ec6329/manifest,https://iiif.dl.itc.u-tokyo.ac.jp/repo/iiif/c1ea8e6b-9403-4394-8619-96aad0ec6329/canvas/p18,https://mp.ex.nii.ac.jp/api/kuronet/curation/2675f9810e4ac69d26e433ad06a560b88af8d3ea
https://iiif.dl.itc.u-tokyo.ac.jp/repo/iiif/c1ea8e6b-9403-4394-8619-96aad0ec6329/manifest,https://iiif.dl.itc.u-tokyo.ac.jp/repo/iiif/c1ea8e6b-9403-4394-8619-96aad0ec6329/canvas/p18,https://mp.ex.nii.ac.jp/api/kuronet/curation/9cc1a8a81d2b7d661c5f6ea66beeda483a7609c3
https://iiif.dl.itc.u-tokyo.ac.jp/repo/iiif/c1ea8e6b-9403-4394-8619-96aad0ec6329/manifest,https://iiif.dl.itc.u-tokyo.ac.jp/repo/iiif/c1ea8e6b-9403-4394-8619-96aad0ec6329/canvas/p17,https://mp.ex.nii.ac.jp/api/kuronet/curation/9e2291ac1864d50a11a85f596ea1d35858a2e680
https://iiif.dl.itc.u-tokyo.ac.jp/repo/iiif/c1ea8e6b-9403-4394-8619-96aad0ec6329/manifest,https://iiif.dl.itc.u-tokyo.ac.jp/repo/iiif/c1ea8e6b-9403-4394-8619-96aad0ec6329/canvas/p17,https://mp.ex.nii.ac.jp/api/kuronet/curation/ef84983cf9101bc2d92d196373920f7398d7146f
https://iiif.dl.itc.u-tokyo.ac.jp/repo/iiif/c1ea8e6b-9403-4394-8619-96aad0ec6329/manifest,https://iiif.dl.itc.u-tokyo.ac.jp/repo/iiif/c1ea8e6b-9403-4394-8619-96aad0ec6329/canvas/p16,https://mp.ex.nii.ac.jp/api/kuronet/curation/7c1bb3317a2d619b6f9d1475a4e3585377fb3191
https://iiif.dl.itc.u-tokyo.ac.jp/repo/iiif/c1ea8e6b-9403-4394-8619-96aad0ec6329/manifest,https://iiif.dl.itc.u-tokyo.ac.jp/repo/iiif/c1ea8e6b-9403-4394-8619-96aad0ec6329/canvas/p16,https://mp.ex.nii.ac.jp/api/kuronet/curation/924e3d089a4b48de3320a53cbba20b24896f827b
https://iiif.dl.itc.u-tokyo.ac.jp/repo/iiif/c1ea8e6b-9403-4394-8619-96aad0ec6329/manifest,https://iiif.dl.itc.u-tokyo.ac.jp/repo/iiif/c1ea8e6b-9403-4394-8619-96aad0ec6329/canvas/p15,https://mp.ex.nii.ac.jp/api/kuronet/curation/e056900d475fcbb3606faec189df7ebc9db9c246
https://iiif.dl.itc.u-tokyo.ac.jp/repo/iiif/c1ea8e6b-9403-4394-8619-96aad0ec6329/manifest,https://iiif.dl.itc.u-tokyo.ac.jp/repo/iiif/c1ea8e6b-9403-4394-8619-96aad0ec6329/canvas/p15,https://mp.ex.nii.ac.jp/api/kuronet/curation/1f431c4b8d8d459b3381e3cc21633ed2450dea8b
https://iiif.dl.itc.u-tokyo.ac.jp/repo/iiif/c1ea8e6b-9403-4394-8619-96aad0ec6329/manifest,https://iiif.dl.itc.u-tokyo.ac.jp/repo/iiif/c1ea8e6b-9403-4394-8619-96aad0ec6329/canvas/p14,https://mp.ex.nii.ac.jp/api/kuronet/curation/b1490ae29d7ff4dd28a4a1702c5628c4a89e236a
https://iiif.dl.itc.u-tokyo.ac.jp/repo/iiif/c1ea8e6b-9403-4394-8619-96aad0ec6329/manifest,https://iiif.dl.itc.u-tokyo.ac.jp/repo/iiif/c1ea8e6b-9403-4394-8619-96aad0ec6329/canvas/p14,https://mp.ex.nii.ac.jp/api/kuronet/curation/3d3b53d30b6637306a7cebb1fcfbcf735cf7d32e
https://iiif.dl.itc.u-tokyo.ac.jp/repo/iiif/c1ea8e6b-9403-4394-8619-96aad0ec6329/manifest,https://iiif.dl.itc.u-tokyo.ac.jp/repo/iiif/c1ea8e6b-9403-4394-8619-96aad0ec6329/canvas/p13,https://mp.ex.nii.ac.jp/api/kuronet/curation/add3a3b402051545d2da48be3b9096a62ad83709
https://iiif.dl.itc.u-tokyo.ac.jp/repo/iiif/c1ea8e6b-9403-4394-8619-96aad0ec6329/manifest,https://iiif.dl.itc.u-tokyo.ac.jp/repo/iiif/c1ea8e6b-9403-4394-8619-96aad0ec6329/canvas/p13,https://mp.ex.nii.ac.jp/api/kuronet/curation/73b31891fb9074b02f01469ccf132e2548445e67
https://iiif.dl.itc.u-tokyo.ac.jp/repo/iiif/c1ea8e6b-9403-4394-8619-96aad0ec6329/manifest,https://iiif.dl.itc.u-tokyo.ac.jp/repo/iiif/c1ea8e6b-9403-4394-8619-96aad0ec6329/canvas/p12,https://mp.ex.nii.ac.jp/api/kuronet/curation/e977572c878c288917e923e485cfadfd05dcb2e7
https://iiif.dl.itc.u-tokyo.ac.jp/repo/iiif/c1ea8e6b-9403-4394-8619-96aad0ec6329/manifest,https://iiif.dl.itc.u-tokyo.ac.jp/repo/iiif/c1ea8e6b-9403-4394-8619-96aad0ec6329/canvas/p12,https://mp.ex.nii.ac.jp/api/kuronet/curation/65269e8dc0a13eefe6dbeb79b38434b4d839248b
https://iiif.dl.itc.u-tokyo.ac.jp/repo/iiif/c1ea8e6b-9403-4394-8619-96aad0ec6329/manifest,https://iiif.dl.itc.u-tokyo.ac.jp/repo/iiif/c1ea8e6b-9403-4394-8619-96aad0ec6329/canvas/p11,https://mp.ex.nii.ac.jp/api/kuronet/curation/ee4d1dabe849bd37696dd04783570d5f189da287
https://iiif.dl.itc.u-tokyo.ac.jp/repo/iiif/c1ea8e6b-9403-4394-8619-96aad0ec6329/manifest,https://iiif.dl.itc.u-tokyo.ac.jp/repo/iiif/c1ea8e6b-9403-4394-8619-96aad0ec6329/canvas/p11,https://mp.ex.nii.ac.jp/api/kuronet/curation/64a94c4cc2a4f40c180323ce12b6e0a058a8c66d
https://iiif.dl.itc.u-tokyo.ac.jp/repo/iiif/c1ea8e6b-9403-4394-8619-96aad0ec6329/manifest,https://iiif.dl.itc.u-tokyo.ac.jp/repo/iiif/c1ea8e6b-9403-4394-8619-96aad0ec6329/canvas/p10,https://mp.ex.nii.ac.jp/api/kuronet/curation/7a9192a4b0e98543fee5b93d3ad99e884ecceb7b
https://iiif.dl.itc.u-tokyo.ac.jp/repo/iiif/c1ea8e6b-9403-4394-8619-96aad0ec6329/manifest,https://iiif.dl.itc.u-tokyo.ac.jp/repo/iiif/c1ea8e6b-9403-4394-8619-96aad0ec6329/canvas/p10,https://mp.ex.nii.ac.jp/api/kuronet/curation/83805864bf6fb9202a2d70a530705c197d135cec
https://iiif.dl.itc.u-tokyo.ac.jp/repo/iiif/c1ea8e6b-9403-4394-8619-96aad0ec6329/manifest,https://iiif.dl.itc.u-tokyo.ac.jp/repo/iiif/c1ea8e6b-9403-4394-8619-96aad0ec6329/canvas/p9,https://mp.ex.nii.ac.jp/api/kuronet/curation/8d58665c925b3876d000273006156a26bda62288
https://iiif.dl.itc.u-tokyo.ac.jp/repo/iiif/c1ea8e6b-9403-4394-8619-96aad0ec6329/manifest,https://iiif.dl.itc.u-tokyo.ac.jp/repo/iiif/c1ea8e6b-9403-4394-8619-96aad0ec6329/canvas/p9,https://mp.ex.nii.ac.jp/api/kuronet/curation/b300b8954a41943290d1b6af2506f75d7e54d396
https://iiif.dl.itc.u-tokyo.ac.jp/repo/iiif/c1ea8e6b-9403-4394-8619-96aad0ec6329/manifest,https://iiif.dl.itc.u-tokyo.ac.jp/repo/iiif/c1ea8e6b-9403-4394-8619-96aad0ec6329/canvas/p8,https://mp.ex.nii.ac.jp/api/kuronet/curation/7fdb785fa240c56a0270f0fa86d839bb946c76af
https://iiif.dl.itc.u-tokyo.ac.jp/repo/iiif/c1ea8e6b-9403-4394-8619-96aad0ec6329/manifest,https://iiif.dl.itc.u-tokyo.ac.jp/repo/iiif/c1ea8e6b-9403-4394-8619-96aad0ec6329/canvas/p8,https://mp.ex.nii.ac.jp/api/kuronet/curation/90e37e646b373d1ecc72d5735cc53f23ce190c1d
https://iiif.dl.itc.u-tokyo.ac.jp/repo/iiif/c1ea8e6b-9403-4394-8619-96aad0ec6329/manifest,https://iiif.dl.itc.u-tokyo.ac.jp/repo/iiif/c1ea8e6b-9403-4394-8619-96aad0ec6329/canvas/p7,https://mp.ex.nii.ac.jp/api/kuronet/curation/0bdd6f4e6b6e0b24e0fd62e1134def885edea7e5
https://iiif.dl.itc.u-tokyo.ac.jp/repo/iiif/c1ea8e6b-9403-4394-8619-96aad0ec6329/manifest,https://iiif.dl.itc.u-tokyo.ac.jp/repo/iiif/c1ea8e6b-9403-4394-8619-96aad0ec6329/canvas/p7,https://mp.ex.nii.ac.jp/api/kuronet/curation/f92c70b37f2604a68d644b347d240fc985454290
https://iiif.dl.itc.u-tokyo.ac.jp/repo/iiif/c1ea8e6b-9403-4394-8619-96aad0ec6329/manifest,https://iiif.dl.itc.u-tokyo.ac.jp/repo/iiif/c1ea8e6b-9403-4394-8619-96aad0ec6329/canvas/p6,https://mp.ex.nii.ac.jp/api/kuronet/curation/a94616799fee7614f3a1efab3595a45ab447246d
https://iiif.dl.itc.u-tokyo.ac.jp/repo/iiif/c1ea8e6b-9403-4394-8619-96aad0ec6329/manifest,https://iiif.dl.itc.u-tokyo.ac.jp/repo/iiif/c1ea8e6b-9403-4394-8619-96aad0ec6329/canvas/p6,https://mp.ex.nii.ac.jp/api/kuronet/curation/754caef4627a955ec5b818a4f6c239bc74485f34
https://iiif.dl.itc.u-tokyo.ac.jp/repo/iiif/c1ea8e6b-9403-4394-8619-96aad0ec6329/manifest,https://iiif.dl.itc.u-tokyo.ac.jp/repo/iiif/c1ea8e6b-9403-4394-8619-96aad0ec6329/canvas/p6,https://mp.ex.nii.ac.jp/api/kuronet/curation/42a214359b68a8316c89da4106633a09b8efe0c9
https://iiif.dl.itc.u-tokyo.ac.jp/repo/iiif/c1ea8e6b-9403-4394-8619-96aad0ec6329/manifest,https://iiif.dl.itc.u-tokyo.ac.jp/repo/iiif/c1ea8e6b-9403-4394-8619-96aad0ec6329/canvas/p5,https://mp.ex.nii.ac.jp/api/kuronet/curation/3f8c2218ae5172c056b1eb26af1474c7033bf4e2
https://iiif.dl.itc.u-tokyo.ac.jp/repo/iiif/c1ea8e6b-9403-4394-8619-96aad0ec6329/manifest,https://iiif.dl.itc.u-tokyo.ac.jp/repo/iiif/c1ea8e6b-9403-4394-8619-96aad0ec6329/canvas/p5,https://mp.ex.nii.ac.jp/api/kuronet/curation/59adfc0cf57b01cdd4660a66cf28131078e2f14c
https://iiif.dl.itc.u-tokyo.ac.jp/repo/iiif/c1ea8e6b-9403-4394-8619-96aad0ec6329/manifest,https://iiif.dl.itc.u-tokyo.ac.jp/repo/iiif/c1ea8e6b-9403-4394-8619-96aad0ec6329/canvas/p4,https://mp.ex.nii.ac.jp/api/kuronet/curation/0845d00d69152e861bb0f3e9cfc17a113d5a242e
https://iiif.dl.itc.u-tokyo.ac.jp/repo/iiif/c1ea8e6b-9403-4394-8619-96aad0ec6329/manifest,https://iiif.dl.itc.u-tokyo.ac.jp/repo/iiif/c1ea8e6b-9403-4394-8619-96aad0ec6329/canvas/p31,https://mp.ex.nii.ac.jp/api/kuronet/curation/fb60af58ce5f28e27d281b566f9c4f48e03521cb
https://iiif.dl.itc.u-tokyo.ac.jp/repo/iiif/c1ea8e6b-9403-4394-8619-96aad0ec6329/manifest,https://iiif.dl.itc.u-tokyo.ac.jp/repo/iiif/c1ea8e6b-9403-4394-8619-96aad0ec6329/canvas/p30,https://mp.ex.nii.ac.jp/api/kuronet/curation/9064ce99b500f13e44ae5d0b76c44f6ae1f0ba87
https://iiif.dl.itc.u-tokyo.ac.jp/repo/iiif/c1ea8e6b-9403-4394-8619-96aad0ec6329/manifest,https://iiif.dl.itc.u-tokyo.ac.jp/repo/iiif/c1ea8e6b-9403-4394-8619-96aad0ec6329/canvas/p29,https://mp.ex.nii.ac.jp/api/kuronet/curation/036d9029f300ceb682c8deb9b5c1f31664549827
https://iiif.dl.itc.u-tokyo.ac.jp/repo/iiif/c1ea8e6b-9403-4394-8619-96aad0ec6329/manifest,https://iiif.dl.itc.u-tokyo.ac.jp/repo/iiif/c1ea8e6b-9403-4394-8619-96aad0ec6329/canvas/p28,https://mp.ex.nii.ac.jp/api/kuronet/curation/c1c3e8bfa423adb1b8bfda50c3188f570e704ae9
https://iiif.dl.itc.u-tokyo.ac.jp/repo/iiif/c1ea8e6b-9403-4394-8619-96aad0ec6329/manifest,https://iiif.dl.itc.u-tokyo.ac.jp/repo/iiif/c1ea8e6b-9403-4394-8619-96aad0ec6329/canvas/p27,https://mp.ex.nii.ac.jp/api/kuronet/curation/78f61e57c63102cd267e4fc464e05da6339b40d7
https://iiif.dl.itc.u-tokyo.ac.jp/repo/iiif/c1ea8e6b-9403-4394-8619-96aad0ec6329/manifest,https://iiif.dl.itc.u-tokyo.ac.jp/repo/iiif/c1ea8e6b-9403-4394-8619-96aad0ec6329/canvas/p26,https://mp.ex.nii.ac.jp/api/kuronet/curation/77baf981bb8c74a41fad9445198baae92280932a
https://iiif.dl.itc.u-tokyo.ac.jp/repo/iiif/c1ea8e6b-9403-4394-8619-96aad0ec6329/manifest,https://iiif.dl.itc.u-tokyo.ac.jp/repo/iiif/c1ea8e6b-9403-4394-8619-96aad0ec6329/canvas/p25,https://mp.ex.nii.ac.jp/api/kuronet/curation/69133724200941c713a751058a23e9768c5a4da5
https://iiif.dl.itc.u-tokyo.ac.jp/repo/iiif/c1ea8e6b-9403-4394-8619-96aad0ec6329/manifest,https://iiif.dl.itc.u-tokyo.ac.jp/repo/iiif/c1ea8e6b-9403-4394-8619-96aad0ec6329/canvas/p24,https://mp.ex.nii.ac.jp/api/kuronet/curation/bf5f4af706c3fff1281752228402523686c963a7
https://iiif.dl.itc.u-tokyo.ac.jp/repo/iiif/c1ea8e6b-9403-4394-8619-96aad0ec6329/manifest,https://iiif.dl.itc.u-tokyo.ac.jp/repo/iiif/c1ea8e6b-9403-4394-8619-96aad0ec6329/canvas/p23,https://mp.ex.nii.ac.jp/api/kuronet/curation/16882b3dad8d0cc91f4e0f968fb776f3c6617fa2
https://iiif.dl.itc.u-tokyo.ac.jp/repo/iiif/c1ea8e6b-9403-4394-8619-96aad0ec6329/manifest,https://iiif.dl.itc.u-tokyo.ac.jp/repo/iiif/c1ea8e6b-9403-4394-8619-96aad0ec6329/canvas/p22,https://mp.ex.nii.ac.jp/api/kuronet/curation/2ba4775df9d682ff0d9e4fd30ed62c135f85c6f6
https://iiif.dl.itc.u-tokyo.ac.jp/repo/iiif/c1ea8e6b-9403-4394-8619-96aad0ec6329/manifest,https://iiif.dl.itc.u-tokyo.ac.jp/repo/iiif/c1ea8e6b-9403-4394-8619-96aad0ec6329/canvas/p21,https://mp.ex.nii.ac.jp/api/kuronet/curation/5accd92c7acae96a74b016fcf9af966d14c97f01
https://iiif.dl.itc.u-tokyo.ac.jp/repo/iiif/c1ea8e6b-9403-4394-8619-96aad0ec6329/manifest,https://iiif.dl.itc.u-tokyo.ac.jp/repo/iiif/c1ea8e6b-9403-4394-8619-96aad0ec6329/canvas/p20,https://mp.ex.nii.ac.jp/api/kuronet/curation/03f988b1046f650e429c86af7523c45b06f70042
https://iiif.dl.itc.u-tokyo.ac.jp/repo/iiif/c1ea8e6b-9403-4394-8619-96aad0ec6329/manifest,https://iiif.dl.itc.u-tokyo.ac.jp/repo/iiif/c1ea8e6b-9403-4394-8619-96aad0ec6329/canvas/p19,https://mp.ex.nii.ac.jp/api/kuronet/curation/18b9e3fa639e9c80cac78115e6c06a87a6b4ecc2
https://iiif.dl.itc.u-tokyo.ac.jp/repo/iiif/c1ea8e6b-9403-4394-8619-96aad0ec6329/manifest,https://iiif.dl.itc.u-tokyo.ac.jp/repo/iiif/c1ea8e6b-9403-4394-8619-96aad0ec6329/canvas/p18,https://mp.ex.nii.ac.jp/api/kuronet/curation/bb30c1a91f4254658f3776af8f03b59ad0b09291
https://iiif.dl.itc.u-tokyo.ac.jp/repo/iiif/c1ea8e6b-9403-4394-8619-96aad0ec6329/manifest,https://iiif.dl.itc.u-tokyo.ac.jp/repo/iiif/c1ea8e6b-9403-4394-8619-96aad0ec6329/canvas/p17,https://mp.ex.nii.ac.jp/api/kuronet/curation/69a9a648dee0df9e13abf40a3c86594e8630aa85
https://iiif.dl.itc.u-tokyo.ac.jp/repo/iiif/c1ea8e6b-9403-4394-8619-96aad0ec6329/manifest,https://iiif.dl.itc.u-tokyo.ac.jp/repo/iiif/c1ea8e6b-9403-4394-8619-96aad0ec6329/canvas/p16,https://mp.ex.nii.ac.jp/api/kuronet/curation/93493469811f1ee034bd10827220672dcc6f1f0a
https://iiif.dl.itc.u-tokyo.ac.jp/repo/iiif/c1ea8e6b-9403-4394-8619-96aad0ec6329/manifest,https://iiif.dl.itc.u-tokyo.ac.jp/repo/iiif/c1ea8e6b-9403-4394-8619-96aad0ec6329/canvas/p15,https://mp.ex.nii.ac.jp/api/kuronet/curation/825f4d35073d71a2e8e5b7a62ef8280281ccb6d2
https://iiif.dl.itc.u-tokyo.ac.jp/repo/iiif/c1ea8e6b-9403-4394-8619-96aad0ec6329/manifest,https://iiif.dl.itc.u-tokyo.ac.jp/repo/iiif/c1ea8e6b-9403-4394-8619-96aad0ec6329/canvas/p14,https://mp.ex.nii.ac.jp/api/kuronet/curation/71d3aa27dc2c19656f96b2edcc095e116b6dcb9a
https://iiif.dl.itc.u-tokyo.ac.jp/repo/iiif/c1ea8e6b-9403-4394-8619-96aad0ec6329/manifest,https://iiif.dl.itc.u-tokyo.ac.jp/repo/iiif/c1ea8e6b-9403-4394-8619-96aad0ec6329/canvas/p13,https://mp.ex.nii.ac.jp/api/kuronet/curation/2d3f5b647c35c2ab75b468d56aef2fc766d660e4
https://iiif.dl.itc.u-tokyo.ac.jp/repo/iiif/c1ea8e6b-9403-4394-8619-96aad0ec6329/manifest,https://iiif.dl.itc.u-tokyo.ac.jp/repo/iiif/c1ea8e6b-9403-4394-8619-96aad0ec6329/canvas/p12,https://mp.ex.nii.ac.jp/api/kuronet/curation/d7ebc58ff27c717dada29958fae7c1752724525a
https://iiif.dl.itc.u-tokyo.ac.jp/repo/iiif/c1ea8e6b-9403-4394-8619-96aad0ec6329/manifest,https://iiif.dl.itc.u-tokyo.ac.jp/repo/iiif/c1ea8e6b-9403-4394-8619-96aad0ec6329/canvas/p11,https://mp.ex.nii.ac.jp/api/kuronet/curation/655067d811278c118a3ca3aa39a0d3eb0a205b11
https://iiif.dl.itc.u-tokyo.ac.jp/repo/iiif/c1ea8e6b-9403-4394-8619-96aad0ec6329/manifest,https://iiif.dl.itc.u-tokyo.ac.jp/repo/iiif/c1ea8e6b-9403-4394-8619-96aad0ec6329/canvas/p10,https://mp.ex.nii.ac.jp/api/kuronet/curation/e25c4dc7b20035e0a17f2464a6c7cd7ab028a12f
https://iiif.dl.itc.u-tokyo.ac.jp/repo/iiif/c1ea8e6b-9403-4394-8619-96aad0ec6329/manifest,https://iiif.dl.itc.u-tokyo.ac.jp/repo/iiif/c1ea8e6b-9403-4394-8619-96aad0ec6329/canvas/p9,https://mp.ex.nii.ac.jp/api/kuronet/curation/df27cbb4a717d76d4e854f9d2064a4b898224a14
https://iiif.dl.itc.u-tokyo.ac.jp/repo/iiif/c1ea8e6b-9403-4394-8619-96aad0ec6329/manifest,https://iiif.dl.itc.u-tokyo.ac.jp/repo/iiif/c1ea8e6b-9403-4394-8619-96aad0ec6329/canvas/p8,https://mp.ex.nii.ac.jp/api/kuronet/curation/ef1c93154ba103aa91f9a962b561a65c0a337fee
https://iiif.dl.itc.u-tokyo.ac.jp/repo/iiif/c1ea8e6b-9403-4394-8619-96aad0ec6329/manifest,https://iiif.dl.itc.u-tokyo.ac.jp/repo/iiif/c1ea8e6b-9403-4394-8619-96aad0ec6329/canvas/p7,https://mp.ex.nii.ac.jp/api/kuronet/curation/bd7ddfc5d527d98fdddaeba51dfa1959c9b899bd
https://iiif.dl.itc.u-tokyo.ac.jp/repo/iiif/c1ea8e6b-9403-4394-8619-96aad0ec6329/manifest,https://iiif.dl.itc.u-tokyo.ac.jp/repo/iiif/c1ea8e6b-9403-4394-8619-96aad0ec6329/canvas/p6,https://mp.ex.nii.ac.jp/api/kuronet/curation/ca085b0d1ecf7683a9bb263bc4056f974bbb9124
https://iiif.dl.itc.u-tokyo.ac.jp/repo/iiif/c1ea8e6b-9403-4394-8619-96aad0ec6329/manifest,https://iiif.dl.itc.u-tokyo.ac.jp/repo/iiif/c1ea8e6b-9403-4394-8619-96aad0ec6329/canvas/p5,https://mp.ex.nii.ac.jp/api/kuronet/curation/d2f9c0bf9da2b41f16ece59e74ef02644c1e021d
https://iiif.dl.itc.u-tokyo.ac.jp/repo/iiif/c1ea8e6b-9403-4394-8619-96aad0ec6329/manifest,https://iiif.dl.itc.u-tokyo.ac.jp/repo/iiif/c1ea8e6b-9403-4394-8619-96aad0ec6329/canvas/p4,https://mp.ex.nii.ac.jp/api/kuronet/curation/924fa0926236da0dca93a259edeb8ea847677454
https://iiif.dl.itc.u-tokyo.ac.jp/repo/iiif/c1ea8e6b-9403-4394-8619-96aad0ec6329/manifest,https://iiif.dl.itc.u-tokyo.ac.jp/repo/iiif/c1ea8e6b-9403-4394-8619-96aad0ec6329/canvas/p19,https://mp.ex.nii.ac.jp/api/kuronet/curation/be69403f21180e07b01c0ede6df6edd7f74a2601
https://iiif.dl.itc.u-tokyo.ac.jp/repo/iiif/c1ea8e6b-9403-4394-8619-96aad0ec6329/manifest,https://iiif.dl.itc.u-tokyo.ac.jp/repo/iiif/c1ea8e6b-9403-4394-8619-96aad0ec6329/canvas/p18,https://mp.ex.nii.ac.jp/api/kuronet/curation/86b8ee35a626f349545e067639c4921db46f9ff2
https://iiif.dl.itc.u-tokyo.ac.jp/repo/iiif/c1ea8e6b-9403-4394-8619-96aad0ec6329/manifest,https://iiif.dl.itc.u-tokyo.ac.jp/repo/iiif/c1ea8e6b-9403-4394-8619-96aad0ec6329/canvas/p17,https://mp.ex.nii.ac.jp/api/kuronet/curation/6d64f26717fcdce423d62abfbe8d71cd71d04ca1
https://iiif.dl.itc.u-tokyo.ac.jp/repo/iiif/c1ea8e6b-9403-4394-8619-96aad0ec6329/manifest,https://iiif.dl.itc.u-tokyo.ac.jp/repo/iiif/c1ea8e6b-9403-4394-8619-96aad0ec6329/canvas/p16,https://mp.ex.nii.ac.jp/api/kuronet/curation/0535b55f7b1324524cb206be48295b6fd84c2ae3
https://iiif.dl.itc.u-tokyo.ac.jp/repo/iiif/c1ea8e6b-9403-4394-8619-96aad0ec6329/manifest,https://iiif.dl.itc.u-tokyo.ac.jp/repo/iiif/c1ea8e6b-9403-4394-8619-96aad0ec6329/canvas/p15,https://mp.ex.nii.ac.jp/api/kuronet/curation/feb1e33146de57c57eed49bb34c11a529f1fac13
https://iiif.dl.itc.u-tokyo.ac.jp/repo/iiif/c1ea8e6b-9403-4394-8619-96aad0ec6329/manifest,https://iiif.dl.itc.u-tokyo.ac.jp/repo/iiif/c1ea8e6b-9403-4394-8619-96aad0ec6329/canvas/p14,https://mp.ex.nii.ac.jp/api/kuronet/curation/f3eb3920f8e5d0c69aaad6e58c4390e0f3950dca
https://iiif.dl.itc.u-tokyo.ac.jp/repo/iiif/c1ea8e6b-9403-4394-8619-96aad0ec6329/manifest,https://iiif.dl.itc.u-tokyo.ac.jp/repo/iiif/c1ea8e6b-9403-4394-8619-96aad0ec6329/canvas/p13,https://mp.ex.nii.ac.jp/api/kuronet/curation/b34b5f1fef58e4905aa693f55e215ffb756fcb2c
https://iiif.dl.itc.u-tokyo.ac.jp/repo/iiif/c1ea8e6b-9403-4394-8619-96aad0ec6329/manifest,https://iiif.dl.itc.u-tokyo.ac.jp/repo/iiif/c1ea8e6b-9403-4394-8619-96aad0ec6329/canvas/p12,https://mp.ex.nii.ac.jp/api/kuronet/curation/89b03796c7fd5a34bd575080ac3da82545b320e6
https://iiif.dl.itc.u-tokyo.ac.jp/repo/iiif/c1ea8e6b-9403-4394-8619-96aad0ec6329/manifest,https://iiif.dl.itc.u-tokyo.ac.jp/repo/iiif/c1ea8e6b-9403-4394-8619-96aad0ec6329/canvas/p11,https://mp.ex.nii.ac.jp/api/kuronet/curation/584814dc920a384d38240936c195dc4df0fdb958
https://iiif.dl.itc.u-tokyo.ac.jp/repo/iiif/c1ea8e6b-9403-4394-8619-96aad0ec6329/manifest,https://iiif.dl.itc.u-tokyo.ac.jp/repo/iiif/c1ea8e6b-9403-4394-8619-96aad0ec6329/canvas/p10,https://mp.ex.nii.ac.jp/api/kuronet/curation/1841c83f111fba18b789a5647712a50a29d9542e
https://iiif.dl.itc.u-tokyo.ac.jp/repo/iiif/c1ea8e6b-9403-4394-8619-96aad0ec6329/manifest,https://iiif.dl.itc.u-tokyo.ac.jp/repo/iiif/c1ea8e6b-9403-4394-8619-96aad0ec6329/canvas/p9,https://mp.ex.nii.ac.jp/api/kuronet/curation/30ce7c80df196d1d8fbae84a7e821c6f84eff46a
https://iiif.dl.itc.u-tokyo.ac.jp/repo/iiif/c1ea8e6b-9403-4394-8619-96aad0ec6329/manifest,https://iiif.dl.itc.u-tokyo.ac.jp/repo/iiif/c1ea8e6b-9403-4394-8619-96aad0ec6329/canvas/p8,https://mp.ex.nii.ac.jp/api/kuronet/curation/1ae6e4ec60a9c4daac7ab5f87f5c459ff14426d0
https://iiif.dl.itc.u-tokyo.ac.jp/repo/iiif/c1ea8e6b-9403-4394-8619-96aad0ec6329/manifest,https://iiif.dl.itc.u-tokyo.ac.jp/repo/iiif/c1ea8e6b-9403-4394-8619-96aad0ec6329/canvas/p7,https://mp.ex.nii.ac.jp/api/kuronet/curation/23e4bdd65ec99e4ce63d8c32cba8ebb2767d3fe4
https://iiif.dl.itc.u-tokyo.ac.jp/repo/iiif/c1ea8e6b-9403-4394-8619-96aad0ec6329/manifest,https://iiif.dl.itc.u-tokyo.ac.jp/repo/iiif/c1ea8e6b-9403-4394-8619-96aad0ec6329/canvas/p6,https://mp.ex.nii.ac.jp/api/kuronet/curation/6b1d56b1940b723b17b196110b328a8d0b5ba165
https://iiif.dl.itc.u-tokyo.ac.jp/repo/iiif/c1ea8e6b-9403-4394-8619-96aad0ec6329/manifest,https://iiif.dl.itc.u-tokyo.ac.jp/repo/iiif/c1ea8e6b-9403-4394-8619-96aad0ec6329/canvas/p5,https://mp.ex.nii.ac.jp/api/kuronet/curation/c539527f34e389dd3880c28e23078c2003c43e73
https://iiif.dl.itc.u-tokyo.ac.jp/repo/iiif/c1ea8e6b-9403-4394-8619-96aad0ec6329/manifest,https://iiif.dl.itc.u-tokyo.ac.jp/repo/iiif/c1ea8e6b-9403-4394-8619-96aad0ec6329/canvas/p4,https://mp.ex.nii.ac.jp/api/kuronet/curation/521fcaa6aeced8489b3956f283745eb4ecac4d5d
https://iiif.dl.itc.u-tokyo.ac.jp/repo/iiif/c1ea8e6b-9403-4394-8619-96aad0ec6329/manifest,https://iiif.dl.itc.u-tokyo.ac.jp/repo/iiif/c1ea8e6b-9403-4394-8619-96aad0ec6329/canvas/p3,https://mp.ex.nii.ac.jp/api/kuronet/curation/b5a7ae9e5d88e4eec142f032366f9e4220b5ce61
https://iiif.dl.itc.u-tokyo.ac.jp/repo/iiif/c1ea8e6b-9403-4394-8619-96aad0ec6329/manifest,https://iiif.dl.itc.u-tokyo.ac.jp/repo/iiif/c1ea8e6b-9403-4394-8619-96aad0ec6329/canvas/p2,https://mp.ex.nii.ac.jp/api/kuronet/curation/32a05c3300c52fcce13779e63a3ef00d1cfbd1e9
https://iiif.dl.itc.u-tokyo.ac.jp/repo/iiif/c1ea8e6b-9403-4394-8619-96aad0ec6329/manifest,https://iiif.dl.itc.u-tokyo.ac.jp/repo/iiif/c1ea8e6b-9403-4394-8619-96aad0ec6329/canvas/p1,https://mp.ex.nii.ac.jp/api/kuronet/curation/8676449418ba4754022b3f61a51cf427f6a2bd31
https://iiif.dl.itc.u-tokyo.ac.jp/repo/iiif/c1ea8e6b-9403-4394-8619-96aad0ec6329/manifest,https://iiif.dl.itc.u-tokyo.ac.jp/repo/iiif/c1ea8e6b-9403-4394-8619-96aad0ec6329/canvas/p30,https://mp.ex.nii.ac.jp/api/kuronet/curation/3ff751ae6c50129551c4c2cf219eaea86cb77b8f
https://iiif.dl.itc.u-tokyo.ac.jp/repo/iiif/c1ea8e6b-9403-4394-8619-96aad0ec6329/manifest,https://iiif.dl.itc.u-tokyo.ac.jp/repo/iiif/c1ea8e6b-9403-4394-8619-96aad0ec6329/canvas/p31,https://mp.ex.nii.ac.jp/api/kuronet/curation/d32c395ee217ea9f75bae66f7599dc3e5707a55f
https://iiif.dl.itc.u-tokyo.ac.jp/repo/iiif/c1ea8e6b-9403-4394-8619-96aad0ec6329/manifest,https://iiif.dl.itc.u-tokyo.ac.jp/repo/iiif/c1ea8e6b-9403-4394-8619-96aad0ec6329/canvas/p32,https://mp.ex.nii.ac.jp/api/kuronet/curation/5fee9482b26f99b29c7df16074475432b4b18f79
https://iiif.dl.itc.u-tokyo.ac.jp/repo/iiif/c1ea8e6b-9403-4394-8619-96aad0ec6329/manifest,https://iiif.dl.itc.u-tokyo.ac.jp/repo/iiif/c1ea8e6b-9403-4394-8619-96aad0ec6329/canvas/p31,https://mp.ex.nii.ac.jp/api/kuronet/curation/666ecac227ff13c22dd82bb705d93c4f407490cb
https://iiif.dl.itc.u-tokyo.ac.jp/repo/iiif/c1ea8e6b-9403-4394-8619-96aad0ec6329/manifest,https://iiif.dl.itc.u-tokyo.ac.jp/repo/iiif/c1ea8e6b-9403-4394-8619-96aad0ec6329/canvas/p30,https://mp.ex.nii.ac.jp/api/kuronet/curation/5dff665e928d62b6b48cba90c171035f49bc93cb
https://iiif.dl.itc.u-tokyo.ac.jp/repo/iiif/c1ea8e6b-9403-4394-8619-96aad0ec6329/manifest,https://iiif.dl.itc.u-tokyo.ac.jp/repo/iiif/c1ea8e6b-9403-4394-8619-96aad0ec6329/canvas/p29,https://mp.ex.nii.ac.jp/api/kuronet/curation/60b7fdadb4f512b91cf91491021745192d3762a6
https://iiif.dl.itc.u-tokyo.ac.jp/repo/iiif/c1ea8e6b-9403-4394-8619-96aad0ec6329/manifest,https://iiif.dl.itc.u-tokyo.ac.jp/repo/iiif/c1ea8e6b-9403-4394-8619-96aad0ec6329/canvas/p28,https://mp.ex.nii.ac.jp/api/kuronet/curation/beed23d9b35345b70049fed26f7786380a141d60
https://iiif.dl.itc.u-tokyo.ac.jp/repo/iiif/c1ea8e6b-9403-4394-8619-96aad0ec6329/manifest,https://iiif.dl.itc.u-tokyo.ac.jp/repo/iiif/c1ea8e6b-9403-4394-8619-96aad0ec6329/canvas/p27,https://mp.ex.nii.ac.jp/api/kuronet/curation/8ad89177eb91e8ee92d8f3c2d35bcd93f86f347c
https://iiif.dl.itc.u-tokyo.ac.jp/repo/iiif/c1ea8e6b-9403-4394-8619-96aad0ec6329/manifest,https://iiif.dl.itc.u-tokyo.ac.jp/repo/iiif/c1ea8e6b-9403-4394-8619-96aad0ec6329/canvas/p26,https://mp.ex.nii.ac.jp/api/kuronet/curation/bfc7d45a1567e4c1f9d3a313dd8394ccbcf12882
https://iiif.dl.itc.u-tokyo.ac.jp/repo/iiif/c1ea8e6b-9403-4394-8619-96aad0ec6329/manifest,https://iiif.dl.itc.u-tokyo.ac.jp/repo/iiif/c1ea8e6b-9403-4394-8619-96aad0ec6329/canvas/p25,https://mp.ex.nii.ac.jp/api/kuronet/curation/e5a40ad9adf37f86882da95a6b8d88b7c703a4ca
https://iiif.dl.itc.u-tokyo.ac.jp/repo/iiif/c1ea8e6b-9403-4394-8619-96aad0ec6329/manifest,https://iiif.dl.itc.u-tokyo.ac.jp/repo/iiif/c1ea8e6b-9403-4394-8619-96aad0ec6329/canvas/p24,https://mp.ex.nii.ac.jp/api/kuronet/curation/8e8b434a4910c565951bf42811acdc146dc3166e
https://iiif.dl.itc.u-tokyo.ac.jp/repo/iiif/c1ea8e6b-9403-4394-8619-96aad0ec6329/manifest,https://iiif.dl.itc.u-tokyo.ac.jp/repo/iiif/c1ea8e6b-9403-4394-8619-96aad0ec6329/canvas/p23,https://mp.ex.nii.ac.jp/api/kuronet/curation/ccb976f8caebc835a47f54ff10f68dffe8069528
https://iiif.dl.itc.u-tokyo.ac.jp/repo/iiif/c1ea8e6b-9403-4394-8619-96aad0ec6329/manifest,https://iiif.dl.itc.u-tokyo.ac.jp/repo/iiif/c1ea8e6b-9403-4394-8619-96aad0ec6329/canvas/p22,https://mp.ex.nii.ac.jp/api/kuronet/curation/ca6dd1ec19e4e3cbaae9990273ab65586227a9aa
https://iiif.dl.itc.u-tokyo.ac.jp/repo/iiif/c1ea8e6b-9403-4394-8619-96aad0ec6329/manifest,https://iiif.dl.itc.u-tokyo.ac.jp/repo/iiif/c1ea8e6b-9403-4394-8619-96aad0ec6329/canvas/p21,https://mp.ex.nii.ac.jp/api/kuronet/curation/92571e5a29661e6bbd611b5568e693426d4154d0
https://iiif.dl.itc.u-tokyo.ac.jp/repo/iiif/c1ea8e6b-9403-4394-8619-96aad0ec6329/manifest,https://iiif.dl.itc.u-tokyo.ac.jp/repo/iiif/c1ea8e6b-9403-4394-8619-96aad0ec6329/canvas/p20,https://mp.ex.nii.ac.jp/api/kuronet/curation/b2ea01aee74032b99fa81dd4aba03ded4d472a0a
https://iiif.dl.itc.u-tokyo.ac.jp/repo/iiif/c1ea8e6b-9403-4394-8619-96aad0ec6329/manifest,https://iiif.dl.itc.u-tokyo.ac.jp/repo/iiif/c1ea8e6b-9403-4394-8619-96aad0ec6329/canvas/p19,https://mp.ex.nii.ac.jp/api/kuronet/curation/16dac1bacf74a26832f36620b11dfa36770afc97
https://iiif.dl.itc.u-tokyo.ac.jp/repo/iiif/c1ea8e6b-9403-4394-8619-96aad0ec6329/manifest,https://iiif.dl.itc.u-tokyo.ac.jp/repo/iiif/c1ea8e6b-9403-4394-8619-96aad0ec6329/canvas/p18,https://mp.ex.nii.ac.jp/api/kuronet/curation/34a9dbb45d6c9127958523608074bbe83f818d5d
https://iiif.dl.itc.u-tokyo.ac.jp/repo/iiif/c1ea8e6b-9403-4394-8619-96aad0ec6329/manifest,https://iiif.dl.itc.u-tokyo.ac.jp/repo/iiif/c1ea8e6b-9403-4394-8619-96aad0ec6329/canvas/p17,https://mp.ex.nii.ac.jp/api/kuronet/curation/902d7105d8a9d858efa64f87625a98ec84dbf9b7
https://iiif.dl.itc.u-tokyo.ac.jp/repo/iiif/c1ea8e6b-9403-4394-8619-96aad0ec6329/manifest,https://iiif.dl.itc.u-tokyo.ac.jp/repo/iiif/c1ea8e6b-9403-4394-8619-96aad0ec6329/canvas/p16,https://mp.ex.nii.ac.jp/api/kuronet/curation/fb4102b2ec9fa5399635ee8e70537cf490f542b4
https://iiif.dl.itc.u-tokyo.ac.jp/repo/iiif/c1ea8e6b-9403-4394-8619-96aad0ec6329/manifest,https://iiif.dl.itc.u-tokyo.ac.jp/repo/iiif/c1ea8e6b-9403-4394-8619-96aad0ec6329/canvas/p15,https://mp.ex.nii.ac.jp/api/kuronet/curation/676c72db4ffe7b904fc7fded9798bcc1a3b9826f
https://iiif.dl.itc.u-tokyo.ac.jp/repo/iiif/c1ea8e6b-9403-4394-8619-96aad0ec6329/manifest,https://iiif.dl.itc.u-tokyo.ac.jp/repo/iiif/c1ea8e6b-9403-4394-8619-96aad0ec6329/canvas/p14,https://mp.ex.nii.ac.jp/api/kuronet/curation/5b165acee02063c62b2286ab53c8360398a83f0c
https://iiif.dl.itc.u-tokyo.ac.jp/repo/iiif/c1ea8e6b-9403-4394-8619-96aad0ec6329/manifest,https://iiif.dl.itc.u-tokyo.ac.jp/repo/iiif/c1ea8e6b-9403-4394-8619-96aad0ec6329/canvas/p13,https://mp.ex.nii.ac.jp/api/kuronet/curation/467bdd9bb665a8a3aa02639f891479209d10cdc2
https://iiif.dl.itc.u-tokyo.ac.jp/repo/iiif/c1ea8e6b-9403-4394-8619-96aad0ec6329/manifest,https://iiif.dl.itc.u-tokyo.ac.jp/repo/iiif/c1ea8e6b-9403-4394-8619-96aad0ec6329/canvas/p13,https://mp.ex.nii.ac.jp/api/kuronet/curation/e6b95943992676f343520556a8e5e22b97d72e48
https://iiif.dl.itc.u-tokyo.ac.jp/repo/iiif/c1ea8e6b-9403-4394-8619-96aad0ec6329/manifest,https://iiif.dl.itc.u-tokyo.ac.jp/repo/iiif/c1ea8e6b-9403-4394-8619-96aad0ec6329/canvas/p12,https://mp.ex.nii.ac.jp/api/kuronet/curation/02c21315e3236135b87ece4ff383978a7c3d3a75
https://iiif.dl.itc.u-tokyo.ac.jp/repo/iiif/c1ea8e6b-9403-4394-8619-96aad0ec6329/manifest,https://iiif.dl.itc.u-tokyo.ac.jp/repo/iiif/c1ea8e6b-9403-4394-8619-96aad0ec6329/canvas/p11,https://mp.ex.nii.ac.jp/api/kuronet/curation/8213bfdb5da554c3e38b955ce9da34ce64122814
https://iiif.dl.itc.u-tokyo.ac.jp/repo/iiif/c1ea8e6b-9403-4394-8619-96aad0ec6329/manifest,https://iiif.dl.itc.u-tokyo.ac.jp/repo/iiif/c1ea8e6b-9403-4394-8619-96aad0ec6329/canvas/p10,https://mp.ex.nii.ac.jp/api/kuronet/curation/babfb7fa24b6610882e99d3d46f372a324ba8045
https://iiif.dl.itc.u-tokyo.ac.jp/repo/iiif/c1ea8e6b-9403-4394-8619-96aad0ec6329/manifest,https://iiif.dl.itc.u-tokyo.ac.jp/repo/iiif/c1ea8e6b-9403-4394-8619-96aad0ec6329/canvas/p9,https://mp.ex.nii.ac.jp/api/kuronet/curation/96fe9a1ad1e591ccd245d9340095c58632eae3c5
https://iiif.dl.itc.u-tokyo.ac.jp/repo/iiif/c1ea8e6b-9403-4394-8619-96aad0ec6329/manifest,https://iiif.dl.itc.u-tokyo.ac.jp/repo/iiif/c1ea8e6b-9403-4394-8619-96aad0ec6329/canvas/p8,https://mp.ex.nii.ac.jp/api/kuronet/curation/29d06cd81ddf3fee48333e1bf5325ac6c5c48dbe
https://iiif.dl.itc.u-tokyo.ac.jp/repo/iiif/c1ea8e6b-9403-4394-8619-96aad0ec6329/manifest,https://iiif.dl.itc.u-tokyo.ac.jp/repo/iiif/c1ea8e6b-9403-4394-8619-96aad0ec6329/canvas/p7,https://mp.ex.nii.ac.jp/api/kuronet/curation/cf9674abe4d2f0f80004ace8f719c77f8749e46e
https://iiif.dl.itc.u-tokyo.ac.jp/repo/iiif/c1ea8e6b-9403-4394-8619-96aad0ec6329/manifest,https://iiif.dl.itc.u-tokyo.ac.jp/repo/iiif/c1ea8e6b-9403-4394-8619-96aad0ec6329/canvas/p6,https://mp.ex.nii.ac.jp/api/kuronet/curation/183134730cc0c89d1e66227c0346d41e3124b003
https://iiif.dl.itc.u-tokyo.ac.jp/repo/iiif/c1ea8e6b-9403-4394-8619-96aad0ec6329/manifest,https://iiif.dl.itc.u-tokyo.ac.jp/repo/iiif/c1ea8e6b-9403-4394-8619-96aad0ec6329/canvas/p5,https://mp.ex.nii.ac.jp/api/kuronet/curation/02e2a02b81999aa83e4a2ee675fa081e69f871f8
https://iiif.dl.itc.u-tokyo.ac.jp/repo/iiif/c1ea8e6b-9403-4394-8619-96aad0ec6329/manifest,https://iiif.dl.itc.u-tokyo.ac.jp/repo/iiif/c1ea8e6b-9403-4394-8619-96aad0ec6329/canvas/p1,https://mp.ex.nii.ac.jp/api/kuronet/curation/c24b6545397022c3372897e8c1e8a380239c8a90
https://iiif.dl.itc.u-tokyo.ac.jp/repo/iiif/c1ea8e6b-9403-4394-8619-96aad0ec6329/manifest,https://iiif.dl.itc.u-tokyo.ac.jp/repo/iiif/c1ea8e6b-9403-4394-8619-96aad0ec6329/canvas/p4,https://mp.ex.nii.ac.jp/api/kuronet/curation/0b6c0a4fb4a0b96d64ab8efd28a652631b94ee34
